SampleName	STARGenomeName	R1	R2	Strandedness
Chicken_Heart_10_1469	Chicken_UCSC.galGal6_ensv101	CordosoMoreira_Fastq/Chicken_Heart_10_1469.fastq.gz	NA	U
Chicken_Kidney_10_1505	Chicken_UCSC.galGal6_ensv101	CordosoMoreira_Fastq/Chicken_Kidney_10_1505.fastq.gz	NA	U
Chicken_Liver_10_1506	Chicken_UCSC.galGal6_ensv101	CordosoMoreira_Fastq/Chicken_Liver_10_1506.fastq.gz	NA	U
Chicken_Cerebellum_10_1723	Chicken_UCSC.galGal6_ensv101	CordosoMoreira_Fastq/Chicken_Cerebellum_10_1723.fastq.gz	NA	U
Chicken_Cerebellum_10_1735	Chicken_UCSC.galGal6_ensv101	CordosoMoreira_Fastq/Chicken_Cerebellum_10_1735.fastq.gz	NA	U
Chicken_Heart_10_1736	Chicken_UCSC.galGal6_ensv101	CordosoMoreira_Fastq/Chicken_Heart_10_1736.fastq.gz	NA	U
Chicken_Kidney_10_1730	Chicken_UCSC.galGal6_ensv101	CordosoMoreira_Fastq/Chicken_Kidney_10_1730.fastq.gz	NA	U
Chicken_Testis_10_1722	Chicken_UCSC.galGal6_ensv101	CordosoMoreira_Fastq/Chicken_Testis_10_1722.fastq.gz	NA	U
Chicken_Heart_12_1470	Chicken_UCSC.galGal6_ensv101	CordosoMoreira_Fastq/Chicken_Heart_12_1470.fastq.gz	NA	U
Chicken_Brain_12_1353	Chicken_UCSC.galGal6_ensv101	CordosoMoreira_Fastq/Chicken_Brain_12_1353.fastq.gz	NA	U
Chicken_Cerebellum_12_1533	Chicken_UCSC.galGal6_ensv101	CordosoMoreira_Fastq/Chicken_Cerebellum_12_1533.fastq.gz	NA	U
Chicken_Kidney_12_1534	Chicken_UCSC.galGal6_ensv101	CordosoMoreira_Fastq/Chicken_Kidney_12_1534.fastq.gz	NA	U
Chicken_Liver_12_1610	Chicken_UCSC.galGal6_ensv101	CordosoMoreira_Fastq/Chicken_Liver_12_1610.fastq.gz	NA	U
Chicken_Brain_14_1420	Chicken_UCSC.galGal6_ensv101	CordosoMoreira_Fastq/Chicken_Brain_14_1420.fastq.gz	NA	U
Chicken_Brain_14_1612	Chicken_UCSC.galGal6_ensv101	CordosoMoreira_Fastq/Chicken_Brain_14_1612.fastq.gz	NA	U
Chicken_Cerebellum_14_1613	Chicken_UCSC.galGal6_ensv101	CordosoMoreira_Fastq/Chicken_Cerebellum_14_1613.fastq.gz	NA	U
Chicken_Kidney_14_1433	Chicken_UCSC.galGal6_ensv101	CordosoMoreira_Fastq/Chicken_Kidney_14_1433.fastq.gz	NA	U
Chicken_Liver_14_1434	Chicken_UCSC.galGal6_ensv101	CordosoMoreira_Fastq/Chicken_Liver_14_1434.fastq.gz	NA	U
Chicken_Liver_14_1616	Chicken_UCSC.galGal6_ensv101	CordosoMoreira_Fastq/Chicken_Liver_14_1616.fastq.gz	NA	U
Chicken_Ovary_14_1617	Chicken_UCSC.galGal6_ensv101	CordosoMoreira_Fastq/Chicken_Ovary_14_1617.fastq.gz	NA	U
Chicken_Heart_14_1340	Chicken_UCSC.galGal6_ensv101	CordosoMoreira_Fastq/Chicken_Heart_14_1340.fastq.gz	NA	U
Chicken_Heart_14_1548	Chicken_UCSC.galGal6_ensv101	CordosoMoreira_Fastq/Chicken_Heart_14_1548.fastq.gz	NA	U
Chicken_Brain_17_1628	Chicken_UCSC.galGal6_ensv101	CordosoMoreira_Fastq/Chicken_Brain_17_1628.fastq.gz	NA	U
Chicken_Heart_17_2476	Chicken_UCSC.galGal6_ensv101	CordosoMoreira_Fastq/Chicken_Heart_17_2476.fastq.gz	NA	U
Chicken_Kidney_17_1484	Chicken_UCSC.galGal6_ensv101	CordosoMoreira_Fastq/Chicken_Kidney_17_1484.fastq.gz	NA	U
Chicken_Kidney_17_1631	Chicken_UCSC.galGal6_ensv101	CordosoMoreira_Fastq/Chicken_Kidney_17_1631.fastq.gz	NA	U
Chicken_Liver_17_1485	Chicken_UCSC.galGal6_ensv101	CordosoMoreira_Fastq/Chicken_Liver_17_1485.fastq.gz	NA	U
Chicken_Liver_17_1634	Chicken_UCSC.galGal6_ensv101	CordosoMoreira_Fastq/Chicken_Liver_17_1634.fastq.gz	NA	U
Chicken_Ovary_17_1427	Chicken_UCSC.galGal6_ensv101	CordosoMoreira_Fastq/Chicken_Ovary_17_1427.fastq.gz	NA	U
Chicken_Brain_17_1620	Chicken_UCSC.galGal6_ensv101	CordosoMoreira_Fastq/Chicken_Brain_17_1620.fastq.gz	NA	U
Chicken_Heart_17_1474	Chicken_UCSC.galGal6_ensv101	CordosoMoreira_Fastq/Chicken_Heart_17_1474.fastq.gz	NA	U
Chicken_Kidney_17_1480	Chicken_UCSC.galGal6_ensv101	CordosoMoreira_Fastq/Chicken_Kidney_17_1480.fastq.gz	NA	U
Chicken_Kidney_17_1623	Chicken_UCSC.galGal6_ensv101	CordosoMoreira_Fastq/Chicken_Kidney_17_1623.fastq.gz	NA	U
Chicken_Liver_17_1481	Chicken_UCSC.galGal6_ensv101	CordosoMoreira_Fastq/Chicken_Liver_17_1481.fastq.gz	NA	U
Chicken_Liver_17_1624	Chicken_UCSC.galGal6_ensv101	CordosoMoreira_Fastq/Chicken_Liver_17_1624.fastq.gz	NA	U
Chicken_Testis_17_1424	Chicken_UCSC.galGal6_ensv101	CordosoMoreira_Fastq/Chicken_Testis_17_1424.fastq.gz	NA	U
Chicken_Cerebellum_0dph_1639	Chicken_UCSC.galGal6_ensv101	CordosoMoreira_Fastq/Chicken_Cerebellum_0dph_1639.fastq.gz	NA	U
Chicken_Heart_0dph_1476	Chicken_UCSC.galGal6_ensv101	CordosoMoreira_Fastq/Chicken_Heart_0dph_1476.fastq.gz	NA	U
Chicken_Heart_0dph_1640	Chicken_UCSC.galGal6_ensv101	CordosoMoreira_Fastq/Chicken_Heart_0dph_1640.fastq.gz	NA	U
Chicken_Liver_0dph_1642	Chicken_UCSC.galGal6_ensv101	CordosoMoreira_Fastq/Chicken_Liver_0dph_1642.fastq.gz	NA	U
Chicken_Brain_0dph_1806	Chicken_UCSC.galGal6_ensv101	CordosoMoreira_Fastq/Chicken_Brain_0dph_1806.fastq.gz	NA	U
Chicken_Cerebellum_0dph_1540	Chicken_UCSC.galGal6_ensv101	CordosoMoreira_Fastq/Chicken_Cerebellum_0dph_1540.fastq.gz	NA	U
Chicken_Heart_0dph_1541	Chicken_UCSC.galGal6_ensv101	CordosoMoreira_Fastq/Chicken_Heart_0dph_1541.fastq.gz	NA	U
Chicken_Heart_0dph_1659	Chicken_UCSC.galGal6_ensv101	CordosoMoreira_Fastq/Chicken_Heart_0dph_1659.fastq.gz	NA	U
Chicken_Liver_0dph_1543	Chicken_UCSC.galGal6_ensv101	CordosoMoreira_Fastq/Chicken_Liver_0dph_1543.fastq.gz	NA	U
Chicken_Liver_0dph_1661	Chicken_UCSC.galGal6_ensv101	CordosoMoreira_Fastq/Chicken_Liver_0dph_1661.fastq.gz	NA	U
Chicken_Liver_Adult_558	Chicken_UCSC.galGal6_ensv101	CordosoMoreira_Fastq/Chicken_Liver_Adult_558.fastq.gz	NA	U
Chicken_Ovary_Adult_787	Chicken_UCSC.galGal6_ensv101	CordosoMoreira_Fastq/Chicken_Ovary_Adult_787.fastq.gz	NA	U
Chicken_Cerebellum_Adult_654	Chicken_UCSC.galGal6_ensv101	CordosoMoreira_Fastq/Chicken_Cerebellum_Adult_654.fastq.gz	NA	U
Chicken_Kidney_adult_918	Chicken_UCSC.galGal6_ensv101	CordosoMoreira_Fastq/Chicken_Kidney_adult_918.fastq.gz	NA	U
Chicken_Liver_adult_917	Chicken_UCSC.galGal6_ensv101	CordosoMoreira_Fastq/Chicken_Liver_adult_917.fastq.gz	NA	U
Chicken_Testis_Adult_642	Chicken_UCSC.galGal6_ensv101	CordosoMoreira_Fastq/Chicken_Testis_Adult_642.fastq.gz	NA	U
Chicken_Brain_5wph_1804	Chicken_UCSC.galGal6_ensv101	CordosoMoreira_Fastq/Chicken_Brain_5wph_1804.fastq.gz	NA	U
Chicken_Kidney_5wph_2453	Chicken_UCSC.galGal6_ensv101	CordosoMoreira_Fastq/Chicken_Kidney_5wph_2453.fastq.gz	NA	U
Chicken_Liver_5wph_1760	Chicken_UCSC.galGal6_ensv101	CordosoMoreira_Fastq/Chicken_Liver_5wph_1760.fastq.gz	NA	U
Chicken_Brain_5wph_1864	Chicken_UCSC.galGal6_ensv101	CordosoMoreira_Fastq/Chicken_Brain_5wph_1864.fastq.gz	NA	U
Chicken_Cerebellum_5wph_1764	Chicken_UCSC.galGal6_ensv101	CordosoMoreira_Fastq/Chicken_Cerebellum_5wph_1764.fastq.gz	NA	U
Chicken_Cerebellum_5wph_1866	Chicken_UCSC.galGal6_ensv101	CordosoMoreira_Fastq/Chicken_Cerebellum_5wph_1866.fastq.gz	NA	U
Chicken_Kidney_5wph_2454	Chicken_UCSC.galGal6_ensv101	CordosoMoreira_Fastq/Chicken_Kidney_5wph_2454.fastq.gz	NA	U
Chicken_Testis_5wph_1762	Chicken_UCSC.galGal6_ensv101	CordosoMoreira_Fastq/Chicken_Testis_5wph_1762.fastq.gz	NA	U
Chicken_Testis_5wph_1767	Chicken_UCSC.galGal6_ensv101	CordosoMoreira_Fastq/Chicken_Testis_5wph_1767.fastq.gz	NA	U
Chicken_Heart_7dph_1666	Chicken_UCSC.galGal6_ensv101	CordosoMoreira_Fastq/Chicken_Heart_7dph_1666.fastq.gz	NA	U
Chicken_Brain_7dph_1647	Chicken_UCSC.galGal6_ensv101	CordosoMoreira_Fastq/Chicken_Brain_7dph_1647.fastq.gz	NA	U
Chicken_Brain_7dph_1654	Chicken_UCSC.galGal6_ensv101	CordosoMoreira_Fastq/Chicken_Brain_7dph_1654.fastq.gz	NA	U
Chicken_Heart_7dph_1649	Chicken_UCSC.galGal6_ensv101	CordosoMoreira_Fastq/Chicken_Heart_7dph_1649.fastq.gz	NA	U
Chicken_Kidney_7dph_1650	Chicken_UCSC.galGal6_ensv101	CordosoMoreira_Fastq/Chicken_Kidney_7dph_1650.fastq.gz	NA	U
Chicken_Kidney_7dph_1657	Chicken_UCSC.galGal6_ensv101	CordosoMoreira_Fastq/Chicken_Kidney_7dph_1657.fastq.gz	NA	U
Chicken_Liver_7dph_1651	Chicken_UCSC.galGal6_ensv101	CordosoMoreira_Fastq/Chicken_Liver_7dph_1651.fastq.gz	NA	U
Chicken_Liver_7dph_1679	Chicken_UCSC.galGal6_ensv101	CordosoMoreira_Fastq/Chicken_Liver_7dph_1679.fastq.gz	NA	U
Chicken_Testis_7dph_1680	Chicken_UCSC.galGal6_ensv101	CordosoMoreira_Fastq/Chicken_Testis_7dph_1680.fastq.gz	NA	U
Chicken_Brain_10wph_1775	Chicken_UCSC.galGal6_ensv101	CordosoMoreira_Fastq/Chicken_Brain_10wph_1775.fastq.gz	NA	U
Chicken_Brain_10wph_1805	Chicken_UCSC.galGal6_ensv101	CordosoMoreira_Fastq/Chicken_Brain_10wph_1805.fastq.gz	NA	U
Chicken_Kidney_10wph_2458	Chicken_UCSC.galGal6_ensv101	CordosoMoreira_Fastq/Chicken_Kidney_10wph_2458.fastq.gz	NA	U
Chicken_Liver_10wph_1873	Chicken_UCSC.galGal6_ensv101	CordosoMoreira_Fastq/Chicken_Liver_10wph_1873.fastq.gz	NA	U
Chicken_Brain_10wph_1865	Chicken_UCSC.galGal6_ensv101	CordosoMoreira_Fastq/Chicken_Brain_10wph_1865.fastq.gz	NA	U
Chicken_Heart_10wph_1771	Chicken_UCSC.galGal6_ensv101	CordosoMoreira_Fastq/Chicken_Heart_10wph_1771.fastq.gz	NA	U
Chicken_Liver_10wph_1774	Chicken_UCSC.galGal6_ensv101	CordosoMoreira_Fastq/Chicken_Liver_10wph_1774.fastq.gz	NA	U
Chicken_Brain_10_1349	Chicken_UCSC.galGal6_ensv101	CordosoMoreira_Fastq/Chicken_Brain_10_1349.fastq.gz	NA	U
Chicken_Brain_10_1361	Chicken_UCSC.galGal6_ensv101	CordosoMoreira_Fastq/Chicken_Brain_10_1361.fastq.gz	NA	U
Chicken_Cerebellum_10_1807	Chicken_UCSC.galGal6_ensv101	CordosoMoreira_Fastq/Chicken_Cerebellum_10_1807.fastq.gz	NA	U
Chicken_Kidney_10_1509	Chicken_UCSC.galGal6_ensv101	CordosoMoreira_Fastq/Chicken_Kidney_10_1509.fastq.gz	NA	U
Chicken_Cerebellum_10_1752	Chicken_UCSC.galGal6_ensv101	CordosoMoreira_Fastq/Chicken_Cerebellum_10_1752.fastq.gz	NA	U
Chicken_Brain_10_1717	Chicken_UCSC.galGal6_ensv101	CordosoMoreira_Fastq/Chicken_Brain_10_1717.fastq.gz	NA	U
Chicken_Heart_10_1468	Chicken_UCSC.galGal6_ensv101	CordosoMoreira_Fastq/Chicken_Heart_10_1468.fastq.gz	NA	U
Chicken_Brain_10_1720	Chicken_UCSC.galGal6_ensv101	CordosoMoreira_Fastq/Chicken_Brain_10_1720.fastq.gz	NA	U
Chicken_Liver_10_1755	Chicken_UCSC.galGal6_ensv101	CordosoMoreira_Fastq/Chicken_Liver_10_1755.fastq.gz	NA	U
Chicken_Heart_10_1724	Chicken_UCSC.galGal6_ensv101	CordosoMoreira_Fastq/Chicken_Heart_10_1724.fastq.gz	NA	U
Chicken_Ovary_10_1331	Chicken_UCSC.galGal6_ensv101	CordosoMoreira_Fastq/Chicken_Ovary_10_1331.fastq.gz	NA	U
Chicken_Heart_10_1729	Chicken_UCSC.galGal6_ensv101	CordosoMoreira_Fastq/Chicken_Heart_10_1729.fastq.gz	NA	U
Chicken_Ovary_10_1348	Chicken_UCSC.galGal6_ensv101	CordosoMoreira_Fastq/Chicken_Ovary_10_1348.fastq.gz	NA	U
Chicken_Liver_10_1731	Chicken_UCSC.galGal6_ensv101	CordosoMoreira_Fastq/Chicken_Liver_10_1731.fastq.gz	NA	U
Chicken_Kidney_10_1725	Chicken_UCSC.galGal6_ensv101	CordosoMoreira_Fastq/Chicken_Kidney_10_1725.fastq.gz	NA	U
Chicken_Brain_12_1350	Chicken_UCSC.galGal6_ensv101	CordosoMoreira_Fastq/Chicken_Brain_12_1350.fastq.gz	NA	U
Chicken_Liver_10_1738	Chicken_UCSC.galGal6_ensv101	CordosoMoreira_Fastq/Chicken_Liver_10_1738.fastq.gz	NA	U
Chicken_Testis_10_1715	Chicken_UCSC.galGal6_ensv101	CordosoMoreira_Fastq/Chicken_Testis_10_1715.fastq.gz	NA	U
Chicken_Brain_12_1553	Chicken_UCSC.galGal6_ensv101	CordosoMoreira_Fastq/Chicken_Brain_12_1553.fastq.gz	NA	U
Chicken_Cerebellum_12_1477	Chicken_UCSC.galGal6_ensv101	CordosoMoreira_Fastq/Chicken_Cerebellum_12_1477.fastq.gz	NA	U
Chicken_Cerebellum_12_1808	Chicken_UCSC.galGal6_ensv101	CordosoMoreira_Fastq/Chicken_Cerebellum_12_1808.fastq.gz	NA	U
Chicken_Heart_12_1473	Chicken_UCSC.galGal6_ensv101	CordosoMoreira_Fastq/Chicken_Heart_12_1473.fastq.gz	NA	U
Chicken_Kidney_12_1560	Chicken_UCSC.galGal6_ensv101	CordosoMoreira_Fastq/Chicken_Kidney_12_1560.fastq.gz	NA	U
Chicken_Ovary_12_1351	Chicken_UCSC.galGal6_ensv101	CordosoMoreira_Fastq/Chicken_Ovary_12_1351.fastq.gz	NA	U
Chicken_Kidney_12_1478	Chicken_UCSC.galGal6_ensv101	CordosoMoreira_Fastq/Chicken_Kidney_12_1478.fastq.gz	NA	U
Chicken_Brain_12_1364	Chicken_UCSC.galGal6_ensv101	CordosoMoreira_Fastq/Chicken_Brain_12_1364.fastq.gz	NA	U
Chicken_Liver_12_1537	Chicken_UCSC.galGal6_ensv101	CordosoMoreira_Fastq/Chicken_Liver_12_1537.fastq.gz	NA	U
Chicken_Cerebellum_12_1608	Chicken_UCSC.galGal6_ensv101	CordosoMoreira_Fastq/Chicken_Cerebellum_12_1608.fastq.gz	NA	U
Chicken_Kidney_12_1609	Chicken_UCSC.galGal6_ensv101	CordosoMoreira_Fastq/Chicken_Kidney_12_1609.fastq.gz	NA	U
Chicken_Liver_12_1874	Chicken_UCSC.galGal6_ensv101	CordosoMoreira_Fastq/Chicken_Liver_12_1874.fastq.gz	NA	U
Chicken_Liver_12_1535	Chicken_UCSC.galGal6_ensv101	CordosoMoreira_Fastq/Chicken_Liver_12_1535.fastq.gz	NA	U
Chicken_Testis_12_1354	Chicken_UCSC.galGal6_ensv101	CordosoMoreira_Fastq/Chicken_Testis_12_1354.fastq.gz	NA	U
Chicken_Ovary_12_1368	Chicken_UCSC.galGal6_ensv101	CordosoMoreira_Fastq/Chicken_Ovary_12_1368.fastq.gz	NA	U
Chicken_Cerebellum_14_1809	Chicken_UCSC.galGal6_ensv101	CordosoMoreira_Fastq/Chicken_Cerebellum_14_1809.fastq.gz	NA	U
Chicken_Heart_12_1471	Chicken_UCSC.galGal6_ensv101	CordosoMoreira_Fastq/Chicken_Heart_12_1471.fastq.gz	NA	U
Chicken_Heart_14_1432	Chicken_UCSC.galGal6_ensv101	CordosoMoreira_Fastq/Chicken_Heart_14_1432.fastq.gz	NA	U
Chicken_Heart_12_1472	Chicken_UCSC.galGal6_ensv101	CordosoMoreira_Fastq/Chicken_Heart_12_1472.fastq.gz	NA	U
Chicken_Heart_14_1614	Chicken_UCSC.galGal6_ensv101	CordosoMoreira_Fastq/Chicken_Heart_14_1614.fastq.gz	NA	U
Chicken_Testis_12_1365	Chicken_UCSC.galGal6_ensv101	CordosoMoreira_Fastq/Chicken_Testis_12_1365.fastq.gz	NA	U
Chicken_Brain_14_1338	Chicken_UCSC.galGal6_ensv101	CordosoMoreira_Fastq/Chicken_Brain_14_1338.fastq.gz	NA	U
Chicken_Kidney_14_1615	Chicken_UCSC.galGal6_ensv101	CordosoMoreira_Fastq/Chicken_Kidney_14_1615.fastq.gz	NA	U
Chicken_Brain_14_1546	Chicken_UCSC.galGal6_ensv101	CordosoMoreira_Fastq/Chicken_Brain_14_1546.fastq.gz	NA	U
Chicken_Ovary_14_1421	Chicken_UCSC.galGal6_ensv101	CordosoMoreira_Fastq/Chicken_Ovary_14_1421.fastq.gz	NA	U
Chicken_Cerebellum_14_1339	Chicken_UCSC.galGal6_ensv101	CordosoMoreira_Fastq/Chicken_Cerebellum_14_1339.fastq.gz	NA	U
Chicken_Cerebellum_14_1547	Chicken_UCSC.galGal6_ensv101	CordosoMoreira_Fastq/Chicken_Cerebellum_14_1547.fastq.gz	NA	U
Chicken_Kidney_14_1341	Chicken_UCSC.galGal6_ensv101	CordosoMoreira_Fastq/Chicken_Kidney_14_1341.fastq.gz	NA	U
Chicken_Liver_14_1342	Chicken_UCSC.galGal6_ensv101	CordosoMoreira_Fastq/Chicken_Liver_14_1342.fastq.gz	NA	U
Chicken_Kidney_14_1549	Chicken_UCSC.galGal6_ensv101	CordosoMoreira_Fastq/Chicken_Kidney_14_1549.fastq.gz	NA	U
Chicken_Testis_14_3917	Chicken_UCSC.galGal6_ensv101	CordosoMoreira_Fastq/Chicken_Testis_14_3917.fastq.gz	NA	U
Chicken_Liver_14_1550	Chicken_UCSC.galGal6_ensv101	CordosoMoreira_Fastq/Chicken_Liver_14_1550.fastq.gz	NA	U
Chicken_Cerebellum_17_1810	Chicken_UCSC.galGal6_ensv101	CordosoMoreira_Fastq/Chicken_Cerebellum_17_1810.fastq.gz	NA	U
Chicken_Testis_14_1417	Chicken_UCSC.galGal6_ensv101	CordosoMoreira_Fastq/Chicken_Testis_14_1417.fastq.gz	NA	U
Chicken_Brain_17_1423	Chicken_UCSC.galGal6_ensv101	CordosoMoreira_Fastq/Chicken_Brain_17_1423.fastq.gz	NA	U
Chicken_Brain_17_1426	Chicken_UCSC.galGal6_ensv101	CordosoMoreira_Fastq/Chicken_Brain_17_1426.fastq.gz	NA	U
Chicken_Cerebellum_17_1621	Chicken_UCSC.galGal6_ensv101	CordosoMoreira_Fastq/Chicken_Cerebellum_17_1621.fastq.gz	NA	U
Chicken_Cerebellum_17_1483	Chicken_UCSC.galGal6_ensv101	CordosoMoreira_Fastq/Chicken_Cerebellum_17_1483.fastq.gz	NA	U
Chicken_Testis_17_1625	Chicken_UCSC.galGal6_ensv101	CordosoMoreira_Fastq/Chicken_Testis_17_1625.fastq.gz	NA	U
Chicken_Heart_17_1630	Chicken_UCSC.galGal6_ensv101	CordosoMoreira_Fastq/Chicken_Heart_17_1630.fastq.gz	NA	U
Chicken_Cerebellum_0dph_1487	Chicken_UCSC.galGal6_ensv101	CordosoMoreira_Fastq/Chicken_Cerebellum_0dph_1487.fastq.gz	NA	U
Chicken_Ovary_17_1635	Chicken_UCSC.galGal6_ensv101	CordosoMoreira_Fastq/Chicken_Ovary_17_1635.fastq.gz	NA	U
Chicken_Kidney_0dph_1641	Chicken_UCSC.galGal6_ensv101	CordosoMoreira_Fastq/Chicken_Kidney_0dph_1641.fastq.gz	NA	U
Chicken_Cerebellum_17_1479	Chicken_UCSC.galGal6_ensv101	CordosoMoreira_Fastq/Chicken_Cerebellum_17_1479.fastq.gz	NA	U
Chicken_Liver_0dph_1489	Chicken_UCSC.galGal6_ensv101	CordosoMoreira_Fastq/Chicken_Liver_0dph_1489.fastq.gz	NA	U
Chicken_Heart_17_1622	Chicken_UCSC.galGal6_ensv101	CordosoMoreira_Fastq/Chicken_Heart_17_1622.fastq.gz	NA	U
Chicken_Ovary_0dph_1643	Chicken_UCSC.galGal6_ensv101	CordosoMoreira_Fastq/Chicken_Ovary_0dph_1643.fastq.gz	NA	U
Chicken_Brain_0dph_1429	Chicken_UCSC.galGal6_ensv101	CordosoMoreira_Fastq/Chicken_Brain_0dph_1429.fastq.gz	NA	U
Chicken_Cerebellum_0dph_1658	Chicken_UCSC.galGal6_ensv101	CordosoMoreira_Fastq/Chicken_Cerebellum_0dph_1658.fastq.gz	NA	U
Chicken_Brain_0dph_1638	Chicken_UCSC.galGal6_ensv101	CordosoMoreira_Fastq/Chicken_Brain_0dph_1638.fastq.gz	NA	U
Chicken_Kidney_0dph_1542	Chicken_UCSC.galGal6_ensv101	CordosoMoreira_Fastq/Chicken_Kidney_0dph_1542.fastq.gz	NA	U
Chicken_Kidney_0dph_1488	Chicken_UCSC.galGal6_ensv101	CordosoMoreira_Fastq/Chicken_Kidney_0dph_1488.fastq.gz	NA	U
Chicken_Kidney_0dph_1660	Chicken_UCSC.galGal6_ensv101	CordosoMoreira_Fastq/Chicken_Kidney_0dph_1660.fastq.gz	NA	U
Chicken_Ovary_0dph_1430	Chicken_UCSC.galGal6_ensv101	CordosoMoreira_Fastq/Chicken_Ovary_0dph_1430.fastq.gz	NA	U
Chicken_Testis_0dph_1544	Chicken_UCSC.galGal6_ensv101	CordosoMoreira_Fastq/Chicken_Testis_0dph_1544.fastq.gz	NA	U
Chicken_Brain_0dph_1539	Chicken_UCSC.galGal6_ensv101	CordosoMoreira_Fastq/Chicken_Brain_0dph_1539.fastq.gz	NA	U
Chicken_Testis_0dph_1662	Chicken_UCSC.galGal6_ensv101	CordosoMoreira_Fastq/Chicken_Testis_0dph_1662.fastq.gz	NA	U
Chicken_Brain_Adult_577	Chicken_UCSC.galGal6_ensv101	CordosoMoreira_Fastq/Chicken_Brain_Adult_577.fastq.gz	NA	U
Chicken_Brain_Adult_783	Chicken_UCSC.galGal6_ensv101	CordosoMoreira_Fastq/Chicken_Brain_Adult_783.fastq.gz	NA	U
Chicken_Cerebellum_Adult_578	Chicken_UCSC.galGal6_ensv101	CordosoMoreira_Fastq/Chicken_Cerebellum_Adult_578.fastq.gz	NA	U
Chicken_Cerebellum_Adult_782	Chicken_UCSC.galGal6_ensv101	CordosoMoreira_Fastq/Chicken_Cerebellum_Adult_782.fastq.gz	NA	U
Chicken_Kidney_Adult_559	Chicken_UCSC.galGal6_ensv101	CordosoMoreira_Fastq/Chicken_Kidney_Adult_559.fastq.gz	NA	U
Chicken_Heart_Adult_560	Chicken_UCSC.galGal6_ensv101	CordosoMoreira_Fastq/Chicken_Heart_Adult_560.fastq.gz	NA	U
Chicken_Brain_Adult_653	Chicken_UCSC.galGal6_ensv101	CordosoMoreira_Fastq/Chicken_Brain_Adult_653.fastq.gz	NA	U
Chicken_Heart_Adult_785	Chicken_UCSC.galGal6_ensv101	CordosoMoreira_Fastq/Chicken_Heart_Adult_785.fastq.gz	NA	U
Chicken_Brain_Adult_922	Chicken_UCSC.galGal6_ensv101	CordosoMoreira_Fastq/Chicken_Brain_Adult_922.fastq.gz	NA	U
Chicken_Kidney_Adult_784	Chicken_UCSC.galGal6_ensv101	CordosoMoreira_Fastq/Chicken_Kidney_Adult_784.fastq.gz	NA	U
Chicken_Liver_Adult_786	Chicken_UCSC.galGal6_ensv101	CordosoMoreira_Fastq/Chicken_Liver_Adult_786.fastq.gz	NA	U
Chicken_Heart_Adult_650	Chicken_UCSC.galGal6_ensv101	CordosoMoreira_Fastq/Chicken_Heart_Adult_650.fastq.gz	NA	U
Chicken_Ovary_Adult_561	Chicken_UCSC.galGal6_ensv101	CordosoMoreira_Fastq/Chicken_Ovary_Adult_561.fastq.gz	NA	U
Chicken_Testis_Adult_920	Chicken_UCSC.galGal6_ensv101	CordosoMoreira_Fastq/Chicken_Testis_Adult_920.fastq.gz	NA	U
Chicken_Cerebellum_Adult_921	Chicken_UCSC.galGal6_ensv101	CordosoMoreira_Fastq/Chicken_Cerebellum_Adult_921.fastq.gz	NA	U
Chicken_Heart_5wph_2431	Chicken_UCSC.galGal6_ensv101	CordosoMoreira_Fastq/Chicken_Heart_5wph_2431.fastq.gz	NA	U
Chicken_Heart_Adult_764	Chicken_UCSC.galGal6_ensv101	CordosoMoreira_Fastq/Chicken_Heart_Adult_764.fastq.gz	NA	U
Chicken_Kidney_5wph_2433	Chicken_UCSC.galGal6_ensv101	CordosoMoreira_Fastq/Chicken_Kidney_5wph_2433.fastq.gz	NA	U
Chicken_Kidney_Adult_555	Chicken_UCSC.galGal6_ensv101	CordosoMoreira_Fastq/Chicken_Kidney_Adult_555.fastq.gz	NA	U
Chicken_Liver_5wph_1871	Chicken_UCSC.galGal6_ensv101	CordosoMoreira_Fastq/Chicken_Liver_5wph_1871.fastq.gz	NA	U
Chicken_Liver_Adult_554	Chicken_UCSC.galGal6_ensv101	CordosoMoreira_Fastq/Chicken_Liver_Adult_554.fastq.gz	NA	U
Chicken_Ovary_5wph_1761	Chicken_UCSC.galGal6_ensv101	CordosoMoreira_Fastq/Chicken_Ovary_5wph_1761.fastq.gz	NA	U
Chicken_Brain_5wph_1757	Chicken_UCSC.galGal6_ensv101	CordosoMoreira_Fastq/Chicken_Brain_5wph_1757.fastq.gz	NA	U
Chicken_Cerebellum_5wph_1758	Chicken_UCSC.galGal6_ensv101	CordosoMoreira_Fastq/Chicken_Cerebellum_5wph_1758.fastq.gz	NA	U
Chicken_Ovary_5wph_1768	Chicken_UCSC.galGal6_ensv101	CordosoMoreira_Fastq/Chicken_Ovary_5wph_1768.fastq.gz	NA	U
Chicken_Cerebellum_5wph_1867	Chicken_UCSC.galGal6_ensv101	CordosoMoreira_Fastq/Chicken_Cerebellum_5wph_1867.fastq.gz	NA	U
Chicken_Heart_5wph_2432	Chicken_UCSC.galGal6_ensv101	CordosoMoreira_Fastq/Chicken_Heart_5wph_2432.fastq.gz	NA	U
Chicken_Heart_5wph_1759	Chicken_UCSC.galGal6_ensv101	CordosoMoreira_Fastq/Chicken_Heart_5wph_1759.fastq.gz	NA	U
Chicken_Liver_5wph_1766	Chicken_UCSC.galGal6_ensv101	CordosoMoreira_Fastq/Chicken_Liver_5wph_1766.fastq.gz	NA	U
Chicken_Brain_5wph_1763	Chicken_UCSC.galGal6_ensv101	CordosoMoreira_Fastq/Chicken_Brain_5wph_1763.fastq.gz	NA	U
Chicken_Liver_5wph_1870	Chicken_UCSC.galGal6_ensv101	CordosoMoreira_Fastq/Chicken_Liver_5wph_1870.fastq.gz	NA	U
Chicken_Heart_5wph_1765	Chicken_UCSC.galGal6_ensv101	CordosoMoreira_Fastq/Chicken_Heart_5wph_1765.fastq.gz	NA	U
Chicken_Cerebellum_7dph_1665	Chicken_UCSC.galGal6_ensv101	CordosoMoreira_Fastq/Chicken_Cerebellum_7dph_1665.fastq.gz	NA	U
Chicken_Kidney_5wph_2434	Chicken_UCSC.galGal6_ensv101	CordosoMoreira_Fastq/Chicken_Kidney_5wph_2434.fastq.gz	NA	U
Chicken_Heart_7dph_1684	Chicken_UCSC.galGal6_ensv101	CordosoMoreira_Fastq/Chicken_Heart_7dph_1684.fastq.gz	NA	U
Chicken_Brain_7dph_1682	Chicken_UCSC.galGal6_ensv101	CordosoMoreira_Fastq/Chicken_Brain_7dph_1682.fastq.gz	NA	U
Chicken_Kidney_7dph_1667	Chicken_UCSC.galGal6_ensv101	CordosoMoreira_Fastq/Chicken_Kidney_7dph_1667.fastq.gz	NA	U
Chicken_Brain_7dph_1803	Chicken_UCSC.galGal6_ensv101	CordosoMoreira_Fastq/Chicken_Brain_7dph_1803.fastq.gz	NA	U
Chicken_Cerebellum_7dph_1812	Chicken_UCSC.galGal6_ensv101	CordosoMoreira_Fastq/Chicken_Cerebellum_7dph_1812.fastq.gz	NA	U
Chicken_Kidney_7dph_1685	Chicken_UCSC.galGal6_ensv101	CordosoMoreira_Fastq/Chicken_Kidney_7dph_1685.fastq.gz	NA	U
Chicken_Liver_7dph_1686	Chicken_UCSC.galGal6_ensv101	CordosoMoreira_Fastq/Chicken_Liver_7dph_1686.fastq.gz	NA	U
Chicken_Liver_7dph_1668	Chicken_UCSC.galGal6_ensv101	CordosoMoreira_Fastq/Chicken_Liver_7dph_1668.fastq.gz	NA	U
Chicken_Ovary_7dph_1669	Chicken_UCSC.galGal6_ensv101	CordosoMoreira_Fastq/Chicken_Ovary_7dph_1669.fastq.gz	NA	U
Chicken_Ovary_7dph_1687	Chicken_UCSC.galGal6_ensv101	CordosoMoreira_Fastq/Chicken_Ovary_7dph_1687.fastq.gz	NA	U
Chicken_Cerebellum_7dph_1648	Chicken_UCSC.galGal6_ensv101	CordosoMoreira_Fastq/Chicken_Cerebellum_7dph_1648.fastq.gz	NA	U
Chicken_Heart_7dph_1656	Chicken_UCSC.galGal6_ensv101	CordosoMoreira_Fastq/Chicken_Heart_7dph_1656.fastq.gz	NA	U
Chicken_Cerebellum_7dph_1655	Chicken_UCSC.galGal6_ensv101	CordosoMoreira_Fastq/Chicken_Cerebellum_7dph_1655.fastq.gz	NA	U
Chicken_Heart_10wph_1777	Chicken_UCSC.galGal6_ensv101	CordosoMoreira_Fastq/Chicken_Heart_10wph_1777.fastq.gz	NA	U
Chicken_Testis_7dph_1652	Chicken_UCSC.galGal6_ensv101	CordosoMoreira_Fastq/Chicken_Testis_7dph_1652.fastq.gz	NA	U
Chicken_Kidney_10wph_1778	Chicken_UCSC.galGal6_ensv101	CordosoMoreira_Fastq/Chicken_Kidney_10wph_1778.fastq.gz	NA	U
Chicken_Cerebellum_10wph_1776	Chicken_UCSC.galGal6_ensv101	CordosoMoreira_Fastq/Chicken_Cerebellum_10wph_1776.fastq.gz	NA	U
Chicken_Liver_10wph_1779	Chicken_UCSC.galGal6_ensv101	CordosoMoreira_Fastq/Chicken_Liver_10wph_1779.fastq.gz	NA	U
Chicken_Cerebellum_10wph_1869	Chicken_UCSC.galGal6_ensv101	CordosoMoreira_Fastq/Chicken_Cerebellum_10wph_1869.fastq.gz	NA	U
Chicken_Ovary_10wph_1781	Chicken_UCSC.galGal6_ensv101	CordosoMoreira_Fastq/Chicken_Ovary_10wph_1781.fastq.gz	NA	U
Chicken_Heart_10wph_2457	Chicken_UCSC.galGal6_ensv101	CordosoMoreira_Fastq/Chicken_Heart_10wph_2457.fastq.gz	NA	U
Chicken_Ovary_10wph_1780	Chicken_UCSC.galGal6_ensv101	CordosoMoreira_Fastq/Chicken_Ovary_10wph_1780.fastq.gz	NA	U
Chicken_Brain_10wph_3920	Chicken_UCSC.galGal6_ensv101	CordosoMoreira_Fastq/Chicken_Brain_10wph_3920.fastq.gz	NA	U
Chicken_Cerebellum_10wph_1770	Chicken_UCSC.galGal6_ensv101	CordosoMoreira_Fastq/Chicken_Cerebellum_10wph_1770.fastq.gz	NA	U
Chicken_Cerebellum_10wph_1868	Chicken_UCSC.galGal6_ensv101	CordosoMoreira_Fastq/Chicken_Cerebellum_10wph_1868.fastq.gz	NA	U
Chicken_Kidney_10wph_1772	Chicken_UCSC.galGal6_ensv101	CordosoMoreira_Fastq/Chicken_Kidney_10wph_1772.fastq.gz	NA	U
Chicken_Heart_10wph_2455	Chicken_UCSC.galGal6_ensv101	CordosoMoreira_Fastq/Chicken_Heart_10wph_2455.fastq.gz	NA	U
Chicken_Kidney_10wph_2456	Chicken_UCSC.galGal6_ensv101	CordosoMoreira_Fastq/Chicken_Kidney_10wph_2456.fastq.gz	NA	U
Chicken_Liver_10wph_1872	Chicken_UCSC.galGal6_ensv101	CordosoMoreira_Fastq/Chicken_Liver_10wph_1872.fastq.gz	NA	U
Chicken_Testis_10wph_1773	Chicken_UCSC.galGal6_ensv101	CordosoMoreira_Fastq/Chicken_Testis_10wph_1773.fastq.gz	NA	U
Chicken_Testis_10wph_1782	Chicken_UCSC.galGal6_ensv101	CordosoMoreira_Fastq/Chicken_Testis_10wph_1782.fastq.gz	NA	U
Rabbit_Heart_12_4754	Rabbit_UCSC.oryCun2_ensv101	CordosoMoreira_Fastq/Rabbit_Heart_12_4754.fastq.gz	NA	U
Rabbit_Ovary_12_4755	Rabbit_UCSC.oryCun2_ensv101	CordosoMoreira_Fastq/Rabbit_Ovary_12_4755.fastq.gz	NA	U
Rabbit_WholeBrain_12_4745	Rabbit_UCSC.oryCun2_ensv101	CordosoMoreira_Fastq/Rabbit_WholeBrain_12_4745.fastq.gz	NA	U
Rabbit_WholeBrain_12_4748	Rabbit_UCSC.oryCun2_ensv101	CordosoMoreira_Fastq/Rabbit_WholeBrain_12_4748.fastq.gz	NA	U
Rabbit_Heart_13_4736	Rabbit_UCSC.oryCun2_ensv101	CordosoMoreira_Fastq/Rabbit_Heart_13_4736.fastq.gz	NA	U
Rabbit_Liver_13_4828	Rabbit_UCSC.oryCun2_ensv101	CordosoMoreira_Fastq/Rabbit_Liver_13_4828.fastq.gz	NA	U
Rabbit_Liver_13_4926	Rabbit_UCSC.oryCun2_ensv101	CordosoMoreira_Fastq/Rabbit_Liver_13_4926.fastq.gz	NA	U
Rabbit_Ovary_13_4804	Rabbit_UCSC.oryCun2_ensv101	CordosoMoreira_Fastq/Rabbit_Ovary_13_4804.fastq.gz	NA	U
Rabbit_Testis_13_4800	Rabbit_UCSC.oryCun2_ensv101	CordosoMoreira_Fastq/Rabbit_Testis_13_4800.fastq.gz	NA	U
Rabbit_WholeBrain_13_4799	Rabbit_UCSC.oryCun2_ensv101	CordosoMoreira_Fastq/Rabbit_WholeBrain_13_4799.fastq.gz	NA	U
Rabbit_Heart_14_4818	Rabbit_UCSC.oryCun2_ensv101	CordosoMoreira_Fastq/Rabbit_Heart_14_4818.fastq.gz	NA	U
Rabbit_Heart_14_4996	Rabbit_UCSC.oryCun2_ensv101	CordosoMoreira_Fastq/Rabbit_Heart_14_4996.fastq.gz	NA	U
Rabbit_Liver_14_4939	Rabbit_UCSC.oryCun2_ensv101	CordosoMoreira_Fastq/Rabbit_Liver_14_4939.fastq.gz	NA	U
Rabbit_Testis_14_4826	Rabbit_UCSC.oryCun2_ensv101	CordosoMoreira_Fastq/Rabbit_Testis_14_4826.fastq.gz	NA	U
Rabbit_Testis_14_4998	Rabbit_UCSC.oryCun2_ensv101	CordosoMoreira_Fastq/Rabbit_Testis_14_4998.fastq.gz	NA	U
Rabbit_Brain_15.5_4838	Rabbit_UCSC.oryCun2_ensv101	CordosoMoreira_Fastq/Rabbit_Brain_15.5_4838.fastq.gz	NA	U
Rabbit_Heart_15.5_3374	Rabbit_UCSC.oryCun2_ensv101	CordosoMoreira_Fastq/Rabbit_Heart_15.5_3374.fastq.gz	NA	U
Rabbit_Heart_15.5_3429	Rabbit_UCSC.oryCun2_ensv101	CordosoMoreira_Fastq/Rabbit_Heart_15.5_3429.fastq.gz	NA	U
Rabbit_Cerebellum_15.5_4839	Rabbit_UCSC.oryCun2_ensv101	CordosoMoreira_Fastq/Rabbit_Cerebellum_15.5_4839.fastq.gz	NA	U
Rabbit_Kidney_15.5_3375	Rabbit_UCSC.oryCun2_ensv101	CordosoMoreira_Fastq/Rabbit_Kidney_15.5_3375.fastq.gz	NA	U
Rabbit_Kidney_15.5_3452	Rabbit_UCSC.oryCun2_ensv101	CordosoMoreira_Fastq/Rabbit_Kidney_15.5_3452.fastq.gz	NA	U
Rabbit_Liver_15.5_3297	Rabbit_UCSC.oryCun2_ensv101	CordosoMoreira_Fastq/Rabbit_Liver_15.5_3297.fastq.gz	NA	U
Rabbit_Liver_15.5_3454	Rabbit_UCSC.oryCun2_ensv101	CordosoMoreira_Fastq/Rabbit_Liver_15.5_3454.fastq.gz	NA	U
Rabbit_Testis_15.5_3376	Rabbit_UCSC.oryCun2_ensv101	CordosoMoreira_Fastq/Rabbit_Testis_15.5_3376.fastq.gz	NA	U
Rabbit_WholeBrain_15.5_3373	Rabbit_UCSC.oryCun2_ensv101	CordosoMoreira_Fastq/Rabbit_WholeBrain_15.5_3373.fastq.gz	NA	U
Rabbit_Cerebellum_16.5_4849	Rabbit_UCSC.oryCun2_ensv101	CordosoMoreira_Fastq/Rabbit_Cerebellum_16.5_4849.fastq.gz	NA	U
Rabbit_Cerebellum_16.5_4851	Rabbit_UCSC.oryCun2_ensv101	CordosoMoreira_Fastq/Rabbit_Cerebellum_16.5_4851.fastq.gz	NA	U
Rabbit_Kidney_16.5_3406	Rabbit_UCSC.oryCun2_ensv101	CordosoMoreira_Fastq/Rabbit_Kidney_16.5_3406.fastq.gz	NA	U
Rabbit_Ovary_16.5_3411	Rabbit_UCSC.oryCun2_ensv101	CordosoMoreira_Fastq/Rabbit_Ovary_16.5_3411.fastq.gz	NA	U
Rabbit_WholeBrain_16.5_3432	Rabbit_UCSC.oryCun2_ensv101	CordosoMoreira_Fastq/Rabbit_WholeBrain_16.5_3432.fastq.gz	NA	U
Rabbit_Brain_18_4858	Rabbit_UCSC.oryCun2_ensv101	CordosoMoreira_Fastq/Rabbit_Brain_18_4858.fastq.gz	NA	U
Rabbit_Heart_18_3320	Rabbit_UCSC.oryCun2_ensv101	CordosoMoreira_Fastq/Rabbit_Heart_18_3320.fastq.gz	NA	U
Rabbit_Cerebellum_18_4857	Rabbit_UCSC.oryCun2_ensv101	CordosoMoreira_Fastq/Rabbit_Cerebellum_18_4857.fastq.gz	NA	U
Rabbit_Cerebellum_18_4861	Rabbit_UCSC.oryCun2_ensv101	CordosoMoreira_Fastq/Rabbit_Cerebellum_18_4861.fastq.gz	NA	U
Rabbit_Kidney_18_3321	Rabbit_UCSC.oryCun2_ensv101	CordosoMoreira_Fastq/Rabbit_Kidney_18_3321.fastq.gz	NA	U
Rabbit_Kidney_18_3342	Rabbit_UCSC.oryCun2_ensv101	CordosoMoreira_Fastq/Rabbit_Kidney_18_3342.fastq.gz	NA	U
Rabbit_Kidney_18_3402	Rabbit_UCSC.oryCun2_ensv101	CordosoMoreira_Fastq/Rabbit_Kidney_18_3402.fastq.gz	NA	U
Rabbit_Liver_18_3289	Rabbit_UCSC.oryCun2_ensv101	CordosoMoreira_Fastq/Rabbit_Liver_18_3289.fastq.gz	NA	U
Rabbit_Ovary_18_3343	Rabbit_UCSC.oryCun2_ensv101	CordosoMoreira_Fastq/Rabbit_Ovary_18_3343.fastq.gz	NA	U
Rabbit_Testis_18_3322	Rabbit_UCSC.oryCun2_ensv101	CordosoMoreira_Fastq/Rabbit_Testis_18_3322.fastq.gz	NA	U
Rabbit_WholeBrain_18_3498	Rabbit_UCSC.oryCun2_ensv101	CordosoMoreira_Fastq/Rabbit_WholeBrain_18_3498.fastq.gz	NA	U
Rabbit_Brain_19.5_4788	Rabbit_UCSC.oryCun2_ensv101	CordosoMoreira_Fastq/Rabbit_Brain_19.5_4788.fastq.gz	NA	U
Rabbit_Heart_19.5_4783	Rabbit_UCSC.oryCun2_ensv101	CordosoMoreira_Fastq/Rabbit_Heart_19.5_4783.fastq.gz	NA	U
Rabbit_Cerebellum_19.5_4789	Rabbit_UCSC.oryCun2_ensv101	CordosoMoreira_Fastq/Rabbit_Cerebellum_19.5_4789.fastq.gz	NA	U
Rabbit_Cerebellum_19.5_4868	Rabbit_UCSC.oryCun2_ensv101	CordosoMoreira_Fastq/Rabbit_Cerebellum_19.5_4868.fastq.gz	NA	U
Rabbit_Kidney_19.5_4870	Rabbit_UCSC.oryCun2_ensv101	CordosoMoreira_Fastq/Rabbit_Kidney_19.5_4870.fastq.gz	NA	U
Rabbit_Kidney_19.5_4878	Rabbit_UCSC.oryCun2_ensv101	CordosoMoreira_Fastq/Rabbit_Kidney_19.5_4878.fastq.gz	NA	U
Rabbit_Liver_19.5_4785	Rabbit_UCSC.oryCun2_ensv101	CordosoMoreira_Fastq/Rabbit_Liver_19.5_4785.fastq.gz	NA	U
Rabbit_Testis_19.5_4864	Rabbit_UCSC.oryCun2_ensv101	CordosoMoreira_Fastq/Rabbit_Testis_19.5_4864.fastq.gz	NA	U
Rabbit_Heart_21_3311	Rabbit_UCSC.oryCun2_ensv101	CordosoMoreira_Fastq/Rabbit_Heart_21_3311.fastq.gz	NA	U
Rabbit_Heart_21_3397	Rabbit_UCSC.oryCun2_ensv101	CordosoMoreira_Fastq/Rabbit_Heart_21_3397.fastq.gz	NA	U
Rabbit_Cerebellum_21_4884	Rabbit_UCSC.oryCun2_ensv101	CordosoMoreira_Fastq/Rabbit_Cerebellum_21_4884.fastq.gz	NA	U
Rabbit_Liver_21_3264	Rabbit_UCSC.oryCun2_ensv101	CordosoMoreira_Fastq/Rabbit_Liver_21_3264.fastq.gz	NA	U
Rabbit_Ovary_21_3319	Rabbit_UCSC.oryCun2_ensv101	CordosoMoreira_Fastq/Rabbit_Ovary_21_3319.fastq.gz	NA	U
Rabbit_Testis_21_3313	Rabbit_UCSC.oryCun2_ensv101	CordosoMoreira_Fastq/Rabbit_Testis_21_3313.fastq.gz	NA	U
Rabbit_WholeBrain_21_3493	Rabbit_UCSC.oryCun2_ensv101	CordosoMoreira_Fastq/Rabbit_WholeBrain_21_3493.fastq.gz	NA	U
Rabbit_Brain_23_4889	Rabbit_UCSC.oryCun2_ensv101	CordosoMoreira_Fastq/Rabbit_Brain_23_4889.fastq.gz	NA	U
Rabbit_Brain_23_4895	Rabbit_UCSC.oryCun2_ensv101	CordosoMoreira_Fastq/Rabbit_Brain_23_4895.fastq.gz	NA	U
Rabbit_Cerebellum_23_4890	Rabbit_UCSC.oryCun2_ensv101	CordosoMoreira_Fastq/Rabbit_Cerebellum_23_4890.fastq.gz	NA	U
Rabbit_Ovary_23_3261	Rabbit_UCSC.oryCun2_ensv101	CordosoMoreira_Fastq/Rabbit_Ovary_23_3261.fastq.gz	NA	U
Rabbit_Testis_23_3276	Rabbit_UCSC.oryCun2_ensv101	CordosoMoreira_Fastq/Rabbit_Testis_23_3276.fastq.gz	NA	U
Rabbit_WholeBrain_23_3490	Rabbit_UCSC.oryCun2_ensv101	CordosoMoreira_Fastq/Rabbit_WholeBrain_23_3490.fastq.gz	NA	U
Rabbit_WholeBrain_23_3508	Rabbit_UCSC.oryCun2_ensv101	CordosoMoreira_Fastq/Rabbit_WholeBrain_23_3508.fastq.gz	NA	U
Rabbit_Heart_24_3207	Rabbit_UCSC.oryCun2_ensv101	CordosoMoreira_Fastq/Rabbit_Heart_24_3207.fastq.gz	NA	U
Rabbit_Heart_24_3220	Rabbit_UCSC.oryCun2_ensv101	CordosoMoreira_Fastq/Rabbit_Heart_24_3220.fastq.gz	NA	U
Rabbit_Cerebellum_24_5000	Rabbit_UCSC.oryCun2_ensv101	CordosoMoreira_Fastq/Rabbit_Cerebellum_24_5000.fastq.gz	NA	U
Rabbit_Kidney_24_3202	Rabbit_UCSC.oryCun2_ensv101	CordosoMoreira_Fastq/Rabbit_Kidney_24_3202.fastq.gz	NA	U
Rabbit_WholeBrain_24_3504	Rabbit_UCSC.oryCun2_ensv101	CordosoMoreira_Fastq/Rabbit_WholeBrain_24_3504.fastq.gz	NA	U
Rabbit_Brain_27_3162	Rabbit_UCSC.oryCun2_ensv101	CordosoMoreira_Fastq/Rabbit_Brain_27_3162.fastq.gz	NA	U
Rabbit_Heart_27_3155	Rabbit_UCSC.oryCun2_ensv101	CordosoMoreira_Fastq/Rabbit_Heart_27_3155.fastq.gz	NA	U
Rabbit_Heart_27_3194	Rabbit_UCSC.oryCun2_ensv101	CordosoMoreira_Fastq/Rabbit_Heart_27_3194.fastq.gz	NA	U
Rabbit_Cerebellum_27_3185	Rabbit_UCSC.oryCun2_ensv101	CordosoMoreira_Fastq/Rabbit_Cerebellum_27_3185.fastq.gz	NA	U
Rabbit_Kidney_27_3187	Rabbit_UCSC.oryCun2_ensv101	CordosoMoreira_Fastq/Rabbit_Kidney_27_3187.fastq.gz	NA	U
Rabbit_Kidney_27_3195	Rabbit_UCSC.oryCun2_ensv101	CordosoMoreira_Fastq/Rabbit_Kidney_27_3195.fastq.gz	NA	U
Rabbit_Liver_27_3188	Rabbit_UCSC.oryCun2_ensv101	CordosoMoreira_Fastq/Rabbit_Liver_27_3188.fastq.gz	NA	U
Rabbit_Liver_27_3196	Rabbit_UCSC.oryCun2_ensv101	CordosoMoreira_Fastq/Rabbit_Liver_27_3196.fastq.gz	NA	U
Rabbit_Liver_27_3385	Rabbit_UCSC.oryCun2_ensv101	CordosoMoreira_Fastq/Rabbit_Liver_27_3385.fastq.gz	NA	U
Rabbit_Testis_27_3189	Rabbit_UCSC.oryCun2_ensv101	CordosoMoreira_Fastq/Rabbit_Testis_27_3189.fastq.gz	NA	U
Rabbit_Brain_0dpb_3176	Rabbit_UCSC.oryCun2_ensv101	CordosoMoreira_Fastq/Rabbit_Brain_0dpb_3176.fastq.gz	NA	U
Rabbit_Brain_0dpb_3386	Rabbit_UCSC.oryCun2_ensv101	CordosoMoreira_Fastq/Rabbit_Brain_0dpb_3386.fastq.gz	NA	U
Rabbit_Cerebellum_0dpb_3177	Rabbit_UCSC.oryCun2_ensv101	CordosoMoreira_Fastq/Rabbit_Cerebellum_0dpb_3177.fastq.gz	NA	U
Rabbit_Cerebellum_0dpb_3387	Rabbit_UCSC.oryCun2_ensv101	CordosoMoreira_Fastq/Rabbit_Cerebellum_0dpb_3387.fastq.gz	NA	U
Rabbit_Kidney_0dpb_3150	Rabbit_UCSC.oryCun2_ensv101	CordosoMoreira_Fastq/Rabbit_Kidney_0dpb_3150.fastq.gz	NA	U
Rabbit_Kidney_0dpb_3179	Rabbit_UCSC.oryCun2_ensv101	CordosoMoreira_Fastq/Rabbit_Kidney_0dpb_3179.fastq.gz	NA	U
Rabbit_Liver_0dpb_3151	Rabbit_UCSC.oryCun2_ensv101	CordosoMoreira_Fastq/Rabbit_Liver_0dpb_3151.fastq.gz	NA	U
Rabbit_Heart_2wpb_3106	Rabbit_UCSC.oryCun2_ensv101	CordosoMoreira_Fastq/Rabbit_Heart_2wpb_3106.fastq.gz	NA	U
Rabbit_Heart_2wpb_3228	Rabbit_UCSC.oryCun2_ensv101	CordosoMoreira_Fastq/Rabbit_Heart_2wpb_3228.fastq.gz	NA	U
Rabbit_Cerebellum_2wpb_3105	Rabbit_UCSC.oryCun2_ensv101	CordosoMoreira_Fastq/Rabbit_Cerebellum_2wpb_3105.fastq.gz	NA	U
Rabbit_Kidney_2wpb_3107	Rabbit_UCSC.oryCun2_ensv101	CordosoMoreira_Fastq/Rabbit_Kidney_2wpb_3107.fastq.gz	NA	U
Rabbit_Liver_2wpb_3118	Rabbit_UCSC.oryCun2_ensv101	CordosoMoreira_Fastq/Rabbit_Liver_2wpb_3118.fastq.gz	NA	U
Rabbit_Testis_2wpb_3125	Rabbit_UCSC.oryCun2_ensv101	CordosoMoreira_Fastq/Rabbit_Testis_2wpb_3125.fastq.gz	NA	U
Rabbit_Heart_1ypb_3019	Rabbit_UCSC.oryCun2_ensv101	CordosoMoreira_Fastq/Rabbit_Heart_1ypb_3019.fastq.gz	NA	U
Rabbit_Heart_6mpb_3027	Rabbit_UCSC.oryCun2_ensv101	CordosoMoreira_Fastq/Rabbit_Heart_6mpb_3027.fastq.gz	NA	U
Rabbit_Cerebellum_6mpb_3022	Rabbit_UCSC.oryCun2_ensv101	CordosoMoreira_Fastq/Rabbit_Cerebellum_6mpb_3022.fastq.gz	NA	U
Rabbit_Kidney_6mpb_3028	Rabbit_UCSC.oryCun2_ensv101	CordosoMoreira_Fastq/Rabbit_Kidney_6mpb_3028.fastq.gz	NA	U
Rabbit_Liver_1ypb_3079	Rabbit_UCSC.oryCun2_ensv101	CordosoMoreira_Fastq/Rabbit_Liver_1ypb_3079.fastq.gz	NA	U
Rabbit_Liver_6mpb_3081	Rabbit_UCSC.oryCun2_ensv101	CordosoMoreira_Fastq/Rabbit_Liver_6mpb_3081.fastq.gz	NA	U
Rabbit_Brain_12wpb_4917	Rabbit_UCSC.oryCun2_ensv101	CordosoMoreira_Fastq/Rabbit_Brain_12wpb_4917.fastq.gz	NA	U
Rabbit_Brain_12wpb_4928	Rabbit_UCSC.oryCun2_ensv101	CordosoMoreira_Fastq/Rabbit_Brain_12wpb_4928.fastq.gz	NA	U
Rabbit_Cerebellum_12wpb_4918	Rabbit_UCSC.oryCun2_ensv101	CordosoMoreira_Fastq/Rabbit_Cerebellum_12wpb_4918.fastq.gz	NA	U
Rabbit_Cerebellum_12wpb_4929	Rabbit_UCSC.oryCun2_ensv101	CordosoMoreira_Fastq/Rabbit_Cerebellum_12wpb_4929.fastq.gz	NA	U
Rabbit_Kidney_12wpb_4834	Rabbit_UCSC.oryCun2_ensv101	CordosoMoreira_Fastq/Rabbit_Kidney_12wpb_4834.fastq.gz	NA	U
Rabbit_Kidney_12wpb_4931	Rabbit_UCSC.oryCun2_ensv101	CordosoMoreira_Fastq/Rabbit_Kidney_12wpb_4931.fastq.gz	NA	U
Rabbit_Liver_12wpb_4833	Rabbit_UCSC.oryCun2_ensv101	CordosoMoreira_Fastq/Rabbit_Liver_12wpb_4833.fastq.gz	NA	U
Rabbit_Heart_12_4746	Rabbit_UCSC.oryCun2_ensv101	CordosoMoreira_Fastq/Rabbit_Heart_12_4746.fastq.gz	NA	U
Rabbit_Testis_12_4750	Rabbit_UCSC.oryCun2_ensv101	CordosoMoreira_Fastq/Rabbit_Testis_12_4750.fastq.gz	NA	U
Rabbit_WholeBrain_12_4751	Rabbit_UCSC.oryCun2_ensv101	CordosoMoreira_Fastq/Rabbit_WholeBrain_12_4751.fastq.gz	NA	U
Rabbit_WholeBrain_12_4753	Rabbit_UCSC.oryCun2_ensv101	CordosoMoreira_Fastq/Rabbit_WholeBrain_12_4753.fastq.gz	NA	U
Rabbit_Liver_13_4743	Rabbit_UCSC.oryCun2_ensv101	CordosoMoreira_Fastq/Rabbit_Liver_13_4743.fastq.gz	NA	U
Rabbit_Ovary_13_4738	Rabbit_UCSC.oryCun2_ensv101	CordosoMoreira_Fastq/Rabbit_Ovary_13_4738.fastq.gz	NA	U
Rabbit_WholeBrain_13_4735	Rabbit_UCSC.oryCun2_ensv101	CordosoMoreira_Fastq/Rabbit_WholeBrain_13_4735.fastq.gz	NA	U
Rabbit_WholeBrain_13_4803	Rabbit_UCSC.oryCun2_ensv101	CordosoMoreira_Fastq/Rabbit_WholeBrain_13_4803.fastq.gz	NA	U
Rabbit_WholeBrain_13_4924	Rabbit_UCSC.oryCun2_ensv101	CordosoMoreira_Fastq/Rabbit_WholeBrain_13_4924.fastq.gz	NA	U
Rabbit_Liver_14_4819	Rabbit_UCSC.oryCun2_ensv101	CordosoMoreira_Fastq/Rabbit_Liver_14_4819.fastq.gz	NA	U
Rabbit_Liver_14_4997	Rabbit_UCSC.oryCun2_ensv101	CordosoMoreira_Fastq/Rabbit_Liver_14_4997.fastq.gz	NA	U
Rabbit_Ovary_14_4940	Rabbit_UCSC.oryCun2_ensv101	CordosoMoreira_Fastq/Rabbit_Ovary_14_4940.fastq.gz	NA	U
Rabbit_WholeBrain_14_4823	Rabbit_UCSC.oryCun2_ensv101	CordosoMoreira_Fastq/Rabbit_WholeBrain_14_4823.fastq.gz	NA	U
Rabbit_WholeBrain_14_4937	Rabbit_UCSC.oryCun2_ensv101	CordosoMoreira_Fastq/Rabbit_WholeBrain_14_4937.fastq.gz	NA	U
Rabbit_WholeBrain_14_4995	Rabbit_UCSC.oryCun2_ensv101	CordosoMoreira_Fastq/Rabbit_WholeBrain_14_4995.fastq.gz	NA	U
Rabbit_Brain_15.5_4840	Rabbit_UCSC.oryCun2_ensv101	CordosoMoreira_Fastq/Rabbit_Brain_15.5_4840.fastq.gz	NA	U
Rabbit_Brain_15.5_4842	Rabbit_UCSC.oryCun2_ensv101	CordosoMoreira_Fastq/Rabbit_Brain_15.5_4842.fastq.gz	NA	U
Rabbit_Brain_15.5_4844	Rabbit_UCSC.oryCun2_ensv101	CordosoMoreira_Fastq/Rabbit_Brain_15.5_4844.fastq.gz	NA	U
Rabbit_Heart_15.5_3445	Rabbit_UCSC.oryCun2_ensv101	CordosoMoreira_Fastq/Rabbit_Heart_15.5_3445.fastq.gz	NA	U
Rabbit_Cerebellum_15.5_4843	Rabbit_UCSC.oryCun2_ensv101	CordosoMoreira_Fastq/Rabbit_Cerebellum_15.5_4843.fastq.gz	NA	U
Rabbit_Liver_15.5_3455	Rabbit_UCSC.oryCun2_ensv101	CordosoMoreira_Fastq/Rabbit_Liver_15.5_3455.fastq.gz	NA	U
Rabbit_Ovary_15.5_3453	Rabbit_UCSC.oryCun2_ensv101	CordosoMoreira_Fastq/Rabbit_Ovary_15.5_3453.fastq.gz	NA	U
Rabbit_Brain_16.5_4846	Rabbit_UCSC.oryCun2_ensv101	CordosoMoreira_Fastq/Rabbit_Brain_16.5_4846.fastq.gz	NA	U
Rabbit_Heart_16.5_3441	Rabbit_UCSC.oryCun2_ensv101	CordosoMoreira_Fastq/Rabbit_Heart_16.5_3441.fastq.gz	NA	U
Rabbit_Cerebellum_16.5_4847	Rabbit_UCSC.oryCun2_ensv101	CordosoMoreira_Fastq/Rabbit_Cerebellum_16.5_4847.fastq.gz	NA	U
Rabbit_Kidney_16.5_3423	Rabbit_UCSC.oryCun2_ensv101	CordosoMoreira_Fastq/Rabbit_Kidney_16.5_3423.fastq.gz	NA	U
Rabbit_Liver_16.5_3294	Rabbit_UCSC.oryCun2_ensv101	CordosoMoreira_Fastq/Rabbit_Liver_16.5_3294.fastq.gz	NA	U
Rabbit_Liver_16.5_3296	Rabbit_UCSC.oryCun2_ensv101	CordosoMoreira_Fastq/Rabbit_Liver_16.5_3296.fastq.gz	NA	U
Rabbit_Testis_16.5_3424	Rabbit_UCSC.oryCun2_ensv101	CordosoMoreira_Fastq/Rabbit_Testis_16.5_3424.fastq.gz	NA	U
Rabbit_WholeBrain_16.5_3409	Rabbit_UCSC.oryCun2_ensv101	CordosoMoreira_Fastq/Rabbit_WholeBrain_16.5_3409.fastq.gz	NA	U
Rabbit_WholeBrain_16.5_3421	Rabbit_UCSC.oryCun2_ensv101	CordosoMoreira_Fastq/Rabbit_WholeBrain_16.5_3421.fastq.gz	NA	U
Rabbit_Brain_18_4854	Rabbit_UCSC.oryCun2_ensv101	CordosoMoreira_Fastq/Rabbit_Brain_18_4854.fastq.gz	NA	U
Rabbit_Brain_18_4856	Rabbit_UCSC.oryCun2_ensv101	CordosoMoreira_Fastq/Rabbit_Brain_18_4856.fastq.gz	NA	U
Rabbit_Heart_18_3401	Rabbit_UCSC.oryCun2_ensv101	CordosoMoreira_Fastq/Rabbit_Heart_18_3401.fastq.gz	NA	U
Rabbit_Kidney_18_3336	Rabbit_UCSC.oryCun2_ensv101	CordosoMoreira_Fastq/Rabbit_Kidney_18_3336.fastq.gz	NA	U
Rabbit_WholeBrain_18_3497	Rabbit_UCSC.oryCun2_ensv101	CordosoMoreira_Fastq/Rabbit_WholeBrain_18_3497.fastq.gz	NA	U
Rabbit_WholeBrain_18_3500	Rabbit_UCSC.oryCun2_ensv101	CordosoMoreira_Fastq/Rabbit_WholeBrain_18_3500.fastq.gz	NA	U
Rabbit_Brain_19.5_4781	Rabbit_UCSC.oryCun2_ensv101	CordosoMoreira_Fastq/Rabbit_Brain_19.5_4781.fastq.gz	NA	U
Rabbit_Brain_19.5_4867	Rabbit_UCSC.oryCun2_ensv101	CordosoMoreira_Fastq/Rabbit_Brain_19.5_4867.fastq.gz	NA	U
Rabbit_Heart_19.5_4877	Rabbit_UCSC.oryCun2_ensv101	CordosoMoreira_Fastq/Rabbit_Heart_19.5_4877.fastq.gz	NA	U
Rabbit_Cerebellum_19.5_4782	Rabbit_UCSC.oryCun2_ensv101	CordosoMoreira_Fastq/Rabbit_Cerebellum_19.5_4782.fastq.gz	NA	U
Rabbit_Kidney_19.5_4784	Rabbit_UCSC.oryCun2_ensv101	CordosoMoreira_Fastq/Rabbit_Kidney_19.5_4784.fastq.gz	NA	U
Rabbit_Kidney_19.5_4791	Rabbit_UCSC.oryCun2_ensv101	CordosoMoreira_Fastq/Rabbit_Kidney_19.5_4791.fastq.gz	NA	U
Rabbit_Liver_19.5_4871	Rabbit_UCSC.oryCun2_ensv101	CordosoMoreira_Fastq/Rabbit_Liver_19.5_4871.fastq.gz	NA	U
Rabbit_Liver_19.5_4879	Rabbit_UCSC.oryCun2_ensv101	CordosoMoreira_Fastq/Rabbit_Liver_19.5_4879.fastq.gz	NA	U
Rabbit_Brain_21_4883	Rabbit_UCSC.oryCun2_ensv101	CordosoMoreira_Fastq/Rabbit_Brain_21_4883.fastq.gz	NA	U
Rabbit_Heart_21_3255	Rabbit_UCSC.oryCun2_ensv101	CordosoMoreira_Fastq/Rabbit_Heart_21_3255.fastq.gz	NA	U
Rabbit_Heart_21_3317	Rabbit_UCSC.oryCun2_ensv101	CordosoMoreira_Fastq/Rabbit_Heart_21_3317.fastq.gz	NA	U
Rabbit_Cerebellum_21_4882	Rabbit_UCSC.oryCun2_ensv101	CordosoMoreira_Fastq/Rabbit_Cerebellum_21_4882.fastq.gz	NA	U
Rabbit_Kidney_21_3256	Rabbit_UCSC.oryCun2_ensv101	CordosoMoreira_Fastq/Rabbit_Kidney_21_3256.fastq.gz	NA	U
Rabbit_Kidney_21_3398	Rabbit_UCSC.oryCun2_ensv101	CordosoMoreira_Fastq/Rabbit_Kidney_21_3398.fastq.gz	NA	U
Rabbit_Liver_21_3257	Rabbit_UCSC.oryCun2_ensv101	CordosoMoreira_Fastq/Rabbit_Liver_21_3257.fastq.gz	NA	U
Rabbit_Kidney_23_3236	Rabbit_UCSC.oryCun2_ensv101	CordosoMoreira_Fastq/Rabbit_Kidney_23_3236.fastq.gz	NA	U
Rabbit_Kidney_23_3259	Rabbit_UCSC.oryCun2_ensv101	CordosoMoreira_Fastq/Rabbit_Kidney_23_3259.fastq.gz	NA	U
Rabbit_Kidney_23_3274	Rabbit_UCSC.oryCun2_ensv101	CordosoMoreira_Fastq/Rabbit_Kidney_23_3274.fastq.gz	NA	U
Rabbit_Liver_23_3268	Rabbit_UCSC.oryCun2_ensv101	CordosoMoreira_Fastq/Rabbit_Liver_23_3268.fastq.gz	NA	U
Rabbit_Testis_23_3238	Rabbit_UCSC.oryCun2_ensv101	CordosoMoreira_Fastq/Rabbit_Testis_23_3238.fastq.gz	NA	U
Rabbit_WholeBrain_23_3507	Rabbit_UCSC.oryCun2_ensv101	CordosoMoreira_Fastq/Rabbit_WholeBrain_23_3507.fastq.gz	NA	U
Rabbit_Brain_24_4912	Rabbit_UCSC.oryCun2_ensv101	CordosoMoreira_Fastq/Rabbit_Brain_24_4912.fastq.gz	NA	U
Rabbit_Heart_24_3227	Rabbit_UCSC.oryCun2_ensv101	CordosoMoreira_Fastq/Rabbit_Heart_24_3227.fastq.gz	NA	U
Rabbit_Kidney_24_3208	Rabbit_UCSC.oryCun2_ensv101	CordosoMoreira_Fastq/Rabbit_Kidney_24_3208.fastq.gz	NA	U
Rabbit_Kidney_24_3221	Rabbit_UCSC.oryCun2_ensv101	CordosoMoreira_Fastq/Rabbit_Kidney_24_3221.fastq.gz	NA	U
Rabbit_Kidney_24_3229	Rabbit_UCSC.oryCun2_ensv101	CordosoMoreira_Fastq/Rabbit_Kidney_24_3229.fastq.gz	NA	U
Rabbit_Liver_24_3222	Rabbit_UCSC.oryCun2_ensv101	CordosoMoreira_Fastq/Rabbit_Liver_24_3222.fastq.gz	NA	U
Rabbit_Testis_24_3210	Rabbit_UCSC.oryCun2_ensv101	CordosoMoreira_Fastq/Rabbit_Testis_24_3210.fastq.gz	NA	U
Rabbit_WholeBrain_24_3506	Rabbit_UCSC.oryCun2_ensv101	CordosoMoreira_Fastq/Rabbit_WholeBrain_24_3506.fastq.gz	NA	U
Rabbit_Brain_27_3153	Rabbit_UCSC.oryCun2_ensv101	CordosoMoreira_Fastq/Rabbit_Brain_27_3153.fastq.gz	NA	U
Rabbit_Heart_27_3164	Rabbit_UCSC.oryCun2_ensv101	CordosoMoreira_Fastq/Rabbit_Heart_27_3164.fastq.gz	NA	U
Rabbit_Ovary_27_3167	Rabbit_UCSC.oryCun2_ensv101	CordosoMoreira_Fastq/Rabbit_Ovary_27_3167.fastq.gz	NA	U
Rabbit_Heart_0dpb_3178	Rabbit_UCSC.oryCun2_ensv101	CordosoMoreira_Fastq/Rabbit_Heart_0dpb_3178.fastq.gz	NA	U
Rabbit_Cerebellum_0dpb_3171	Rabbit_UCSC.oryCun2_ensv101	CordosoMoreira_Fastq/Rabbit_Cerebellum_0dpb_3171.fastq.gz	NA	U
Rabbit_Kidney_0dpb_3173	Rabbit_UCSC.oryCun2_ensv101	CordosoMoreira_Fastq/Rabbit_Kidney_0dpb_3173.fastq.gz	NA	U
Rabbit_Testis_0dpb_3175	Rabbit_UCSC.oryCun2_ensv101	CordosoMoreira_Fastq/Rabbit_Testis_0dpb_3175.fastq.gz	NA	U
Rabbit_Testis_0dpb_3181	Rabbit_UCSC.oryCun2_ensv101	CordosoMoreira_Fastq/Rabbit_Testis_0dpb_3181.fastq.gz	NA	U
Rabbit_Brain_2wpb_3104	Rabbit_UCSC.oryCun2_ensv101	CordosoMoreira_Fastq/Rabbit_Brain_2wpb_3104.fastq.gz	NA	U
Rabbit_Brain_2wpb_3114	Rabbit_UCSC.oryCun2_ensv101	CordosoMoreira_Fastq/Rabbit_Brain_2wpb_3114.fastq.gz	NA	U
Rabbit_Brain_2wpb_3138	Rabbit_UCSC.oryCun2_ensv101	CordosoMoreira_Fastq/Rabbit_Brain_2wpb_3138.fastq.gz	NA	U
Rabbit_Heart_2wpb_3116	Rabbit_UCSC.oryCun2_ensv101	CordosoMoreira_Fastq/Rabbit_Heart_2wpb_3116.fastq.gz	NA	U
Rabbit_Heart_2wpb_3122	Rabbit_UCSC.oryCun2_ensv101	CordosoMoreira_Fastq/Rabbit_Heart_2wpb_3122.fastq.gz	NA	U
Rabbit_Liver_2wpb_3124	Rabbit_UCSC.oryCun2_ensv101	CordosoMoreira_Fastq/Rabbit_Liver_2wpb_3124.fastq.gz	NA	U
Rabbit_Cerebellum_6mpb_3012	Rabbit_UCSC.oryCun2_ensv101	CordosoMoreira_Fastq/Rabbit_Cerebellum_6mpb_3012.fastq.gz	NA	U
Rabbit_Testis_6mpb_3049	Rabbit_UCSC.oryCun2_ensv101	CordosoMoreira_Fastq/Rabbit_Testis_6mpb_3049.fastq.gz	NA	U
Rabbit_Brain_12wpb_4830	Rabbit_UCSC.oryCun2_ensv101	CordosoMoreira_Fastq/Rabbit_Brain_12wpb_4830.fastq.gz	NA	U
Rabbit_Brain_12wpb_4836	Rabbit_UCSC.oryCun2_ensv101	CordosoMoreira_Fastq/Rabbit_Brain_12wpb_4836.fastq.gz	NA	U
Rabbit_Heart_12wpb_4919	Rabbit_UCSC.oryCun2_ensv101	CordosoMoreira_Fastq/Rabbit_Heart_12wpb_4919.fastq.gz	NA	U
Rabbit_Cerebellum_12wpb_4831	Rabbit_UCSC.oryCun2_ensv101	CordosoMoreira_Fastq/Rabbit_Cerebellum_12wpb_4831.fastq.gz	NA	U
Rabbit_Liver_12wpb_4915	Rabbit_UCSC.oryCun2_ensv101	CordosoMoreira_Fastq/Rabbit_Liver_12wpb_4915.fastq.gz	NA	U
Rabbit_Liver_12wpb_4932	Rabbit_UCSC.oryCun2_ensv101	CordosoMoreira_Fastq/Rabbit_Liver_12wpb_4932.fastq.gz	NA	U
Rabbit_Liver_16.5_3532	Rabbit_UCSC.oryCun2_ensv101	CordosoMoreira_Fastq/Rabbit_Liver_16.5_3532.fastq.gz	NA	U
Rabbit_Cerebellum_18_4855	Rabbit_UCSC.oryCun2_ensv101	CordosoMoreira_Fastq/Rabbit_Cerebellum_18_4855.fastq.gz	NA	U
Rabbit_Cerebellum_18_4859	Rabbit_UCSC.oryCun2_ensv101	CordosoMoreira_Fastq/Rabbit_Cerebellum_18_4859.fastq.gz	NA	U
Rabbit_Ovary_19.5_4786	Rabbit_UCSC.oryCun2_ensv101	CordosoMoreira_Fastq/Rabbit_Ovary_19.5_4786.fastq.gz	NA	U
Rabbit_Brain_21_4887	Rabbit_UCSC.oryCun2_ensv101	CordosoMoreira_Fastq/Rabbit_Brain_21_4887.fastq.gz	NA	U
Rabbit_Cerebellum_21_4888	Rabbit_UCSC.oryCun2_ensv101	CordosoMoreira_Fastq/Rabbit_Cerebellum_21_4888.fastq.gz	NA	U
Rabbit_Brain_23_4893	Rabbit_UCSC.oryCun2_ensv101	CordosoMoreira_Fastq/Rabbit_Brain_23_4893.fastq.gz	NA	U
Rabbit_Heart_23_3235	Rabbit_UCSC.oryCun2_ensv101	CordosoMoreira_Fastq/Rabbit_Heart_23_3235.fastq.gz	NA	U
Rabbit_Liver_24_3203	Rabbit_UCSC.oryCun2_ensv101	CordosoMoreira_Fastq/Rabbit_Liver_24_3203.fastq.gz	NA	U
Rabbit_Brain_27_3184	Rabbit_UCSC.oryCun2_ensv101	CordosoMoreira_Fastq/Rabbit_Brain_27_3184.fastq.gz	NA	U
Rabbit_Cerebellum_27_3163	Rabbit_UCSC.oryCun2_ensv101	CordosoMoreira_Fastq/Rabbit_Cerebellum_27_3163.fastq.gz	NA	U
Rabbit_Liver_27_3166	Rabbit_UCSC.oryCun2_ensv101	CordosoMoreira_Fastq/Rabbit_Liver_27_3166.fastq.gz	NA	U
Rabbit_Testis_27_3157	Rabbit_UCSC.oryCun2_ensv101	CordosoMoreira_Fastq/Rabbit_Testis_27_3157.fastq.gz	NA	U
Rabbit_Brain_0dpb_3170	Rabbit_UCSC.oryCun2_ensv101	CordosoMoreira_Fastq/Rabbit_Brain_0dpb_3170.fastq.gz	NA	U
Rabbit_Heart_0dpb_3145	Rabbit_UCSC.oryCun2_ensv101	CordosoMoreira_Fastq/Rabbit_Heart_0dpb_3145.fastq.gz	NA	U
Rabbit_Heart_0dpb_3172	Rabbit_UCSC.oryCun2_ensv101	CordosoMoreira_Fastq/Rabbit_Heart_0dpb_3172.fastq.gz	NA	U
Rabbit_Brain_2wpb_3120	Rabbit_UCSC.oryCun2_ensv101	CordosoMoreira_Fastq/Rabbit_Brain_2wpb_3120.fastq.gz	NA	U
Rabbit_Cerebellum_2wpb_3121	Rabbit_UCSC.oryCun2_ensv101	CordosoMoreira_Fastq/Rabbit_Cerebellum_2wpb_3121.fastq.gz	NA	U
Rabbit_Cerebellum_2wpb_3139	Rabbit_UCSC.oryCun2_ensv101	CordosoMoreira_Fastq/Rabbit_Cerebellum_2wpb_3139.fastq.gz	NA	U
Rabbit_Kidney_2wpb_3123	Rabbit_UCSC.oryCun2_ensv101	CordosoMoreira_Fastq/Rabbit_Kidney_2wpb_3123.fastq.gz	NA	U
Rabbit_Ovary_2wpb_3119	Rabbit_UCSC.oryCun2_ensv101	CordosoMoreira_Fastq/Rabbit_Ovary_2wpb_3119.fastq.gz	NA	U
Rabbit_Brain_6mpb_3011	Rabbit_UCSC.oryCun2_ensv101	CordosoMoreira_Fastq/Rabbit_Brain_6mpb_3011.fastq.gz	NA	U
Rabbit_Brain_1ypb_3017	Rabbit_UCSC.oryCun2_ensv101	CordosoMoreira_Fastq/Rabbit_Brain_1ypb_3017.fastq.gz	NA	U
Rabbit_Brain_6mpb_3021	Rabbit_UCSC.oryCun2_ensv101	CordosoMoreira_Fastq/Rabbit_Brain_6mpb_3021.fastq.gz	NA	U
Rabbit_Brain_6mpb_3025	Rabbit_UCSC.oryCun2_ensv101	CordosoMoreira_Fastq/Rabbit_Brain_6mpb_3025.fastq.gz	NA	U
Rabbit_Kidney_6mpb_3014	Rabbit_UCSC.oryCun2_ensv101	CordosoMoreira_Fastq/Rabbit_Kidney_6mpb_3014.fastq.gz	NA	U
Rabbit_Kidney_6mpb_3047	Rabbit_UCSC.oryCun2_ensv101	CordosoMoreira_Fastq/Rabbit_Kidney_6mpb_3047.fastq.gz	NA	U
Rabbit_Liver_6mpb_3029	Rabbit_UCSC.oryCun2_ensv101	CordosoMoreira_Fastq/Rabbit_Liver_6mpb_3029.fastq.gz	NA	U
Rabbit_Ovary_6mpb_3016	Rabbit_UCSC.oryCun2_ensv101	CordosoMoreira_Fastq/Rabbit_Ovary_6mpb_3016.fastq.gz	NA	U
Rabbit_Heart_12_4793	Rabbit_UCSC.oryCun2_ensv101	CordosoMoreira_Fastq/Rabbit_Heart_12_4793.fastq.gz	NA	U
Rabbit_Ovary_12_4752	Rabbit_UCSC.oryCun2_ensv101	CordosoMoreira_Fastq/Rabbit_Ovary_12_4752.fastq.gz	NA	U
Rabbit_Testis_12_4747	Rabbit_UCSC.oryCun2_ensv101	CordosoMoreira_Fastq/Rabbit_Testis_12_4747.fastq.gz	NA	U
Rabbit_Heart_13_4827	Rabbit_UCSC.oryCun2_ensv101	CordosoMoreira_Fastq/Rabbit_Heart_13_4827.fastq.gz	NA	U
Rabbit_Heart_13_4925	Rabbit_UCSC.oryCun2_ensv101	CordosoMoreira_Fastq/Rabbit_Heart_13_4925.fastq.gz	NA	U
Rabbit_Liver_13_4737	Rabbit_UCSC.oryCun2_ensv101	CordosoMoreira_Fastq/Rabbit_Liver_13_4737.fastq.gz	NA	U
Rabbit_Testis_13_4927	Rabbit_UCSC.oryCun2_ensv101	CordosoMoreira_Fastq/Rabbit_Testis_13_4927.fastq.gz	NA	U
Rabbit_Heart_14_4824	Rabbit_UCSC.oryCun2_ensv101	CordosoMoreira_Fastq/Rabbit_Heart_14_4824.fastq.gz	NA	U
Rabbit_Liver_14_4825	Rabbit_UCSC.oryCun2_ensv101	CordosoMoreira_Fastq/Rabbit_Liver_14_4825.fastq.gz	NA	U
Rabbit_Ovary_14_4820	Rabbit_UCSC.oryCun2_ensv101	CordosoMoreira_Fastq/Rabbit_Ovary_14_4820.fastq.gz	NA	U
Rabbit_WholeBrain_14_4817	Rabbit_UCSC.oryCun2_ensv101	CordosoMoreira_Fastq/Rabbit_WholeBrain_14_4817.fastq.gz	NA	U
Rabbit_Heart_15.5_3451	Rabbit_UCSC.oryCun2_ensv101	CordosoMoreira_Fastq/Rabbit_Heart_15.5_3451.fastq.gz	NA	U
Rabbit_Cerebellum_15.5_4841	Rabbit_UCSC.oryCun2_ensv101	CordosoMoreira_Fastq/Rabbit_Cerebellum_15.5_4841.fastq.gz	NA	U
Rabbit_Cerebellum_15.5_4845	Rabbit_UCSC.oryCun2_ensv101	CordosoMoreira_Fastq/Rabbit_Cerebellum_15.5_4845.fastq.gz	NA	U
Rabbit_Kidney_15.5_3369	Rabbit_UCSC.oryCun2_ensv101	CordosoMoreira_Fastq/Rabbit_Kidney_15.5_3369.fastq.gz	NA	U
Rabbit_Kidney_15.5_3446	Rabbit_UCSC.oryCun2_ensv101	CordosoMoreira_Fastq/Rabbit_Kidney_15.5_3446.fastq.gz	NA	U
Rabbit_Liver_15.5_3456	Rabbit_UCSC.oryCun2_ensv101	CordosoMoreira_Fastq/Rabbit_Liver_15.5_3456.fastq.gz	NA	U
Rabbit_Testis_15.5_3370	Rabbit_UCSC.oryCun2_ensv101	CordosoMoreira_Fastq/Rabbit_Testis_15.5_3370.fastq.gz	NA	U
Rabbit_WholeBrain_15.5_3428	Rabbit_UCSC.oryCun2_ensv101	CordosoMoreira_Fastq/Rabbit_WholeBrain_15.5_3428.fastq.gz	NA	U
Rabbit_Brain_16.5_4848	Rabbit_UCSC.oryCun2_ensv101	CordosoMoreira_Fastq/Rabbit_Brain_16.5_4848.fastq.gz	NA	U
Rabbit_Brain_16.5_4850	Rabbit_UCSC.oryCun2_ensv101	CordosoMoreira_Fastq/Rabbit_Brain_16.5_4850.fastq.gz	NA	U
Rabbit_Brain_16.5_4852	Rabbit_UCSC.oryCun2_ensv101	CordosoMoreira_Fastq/Rabbit_Brain_16.5_4852.fastq.gz	NA	U
Rabbit_Heart_16.5_3410	Rabbit_UCSC.oryCun2_ensv101	CordosoMoreira_Fastq/Rabbit_Heart_16.5_3410.fastq.gz	NA	U
Rabbit_Heart_16.5_3422	Rabbit_UCSC.oryCun2_ensv101	CordosoMoreira_Fastq/Rabbit_Heart_16.5_3422.fastq.gz	NA	U
Rabbit_Cerebellum_16.5_4853	Rabbit_UCSC.oryCun2_ensv101	CordosoMoreira_Fastq/Rabbit_Cerebellum_16.5_4853.fastq.gz	NA	U
Rabbit_Kidney_16.5_3599	Rabbit_UCSC.oryCun2_ensv101	CordosoMoreira_Fastq/Rabbit_Kidney_16.5_3599.fastq.gz	NA	U
Rabbit_Ovary_16.5_3435	Rabbit_UCSC.oryCun2_ensv101	CordosoMoreira_Fastq/Rabbit_Ovary_16.5_3435.fastq.gz	NA	U
Rabbit_Testis_16.5_3407	Rabbit_UCSC.oryCun2_ensv101	CordosoMoreira_Fastq/Rabbit_Testis_16.5_3407.fastq.gz	NA	U
Rabbit_Brain_18_4860	Rabbit_UCSC.oryCun2_ensv101	CordosoMoreira_Fastq/Rabbit_Brain_18_4860.fastq.gz	NA	U
Rabbit_Heart_18_3341	Rabbit_UCSC.oryCun2_ensv101	CordosoMoreira_Fastq/Rabbit_Heart_18_3341.fastq.gz	NA	U
Rabbit_Liver_18_3290	Rabbit_UCSC.oryCun2_ensv101	CordosoMoreira_Fastq/Rabbit_Liver_18_3290.fastq.gz	NA	U
Rabbit_Liver_18_3291	Rabbit_UCSC.oryCun2_ensv101	CordosoMoreira_Fastq/Rabbit_Liver_18_3291.fastq.gz	NA	U
Rabbit_Liver_18_3292	Rabbit_UCSC.oryCun2_ensv101	CordosoMoreira_Fastq/Rabbit_Liver_18_3292.fastq.gz	NA	U
Rabbit_Testis_18_3403	Rabbit_UCSC.oryCun2_ensv101	CordosoMoreira_Fastq/Rabbit_Testis_18_3403.fastq.gz	NA	U
Rabbit_WholeBrain_18_3501	Rabbit_UCSC.oryCun2_ensv101	CordosoMoreira_Fastq/Rabbit_WholeBrain_18_3501.fastq.gz	NA	U
Rabbit_Heart_19.5_4869	Rabbit_UCSC.oryCun2_ensv101	CordosoMoreira_Fastq/Rabbit_Heart_19.5_4869.fastq.gz	NA	U
Rabbit_Cerebellum_19.5_4876	Rabbit_UCSC.oryCun2_ensv101	CordosoMoreira_Fastq/Rabbit_Cerebellum_19.5_4876.fastq.gz	NA	U
Rabbit_Liver_19.5_4792	Rabbit_UCSC.oryCun2_ensv101	CordosoMoreira_Fastq/Rabbit_Liver_19.5_4792.fastq.gz	NA	U
Rabbit_Ovary_19.5_4880	Rabbit_UCSC.oryCun2_ensv101	CordosoMoreira_Fastq/Rabbit_Ovary_19.5_4880.fastq.gz	NA	U
Rabbit_Brain_21_4881	Rabbit_UCSC.oryCun2_ensv101	CordosoMoreira_Fastq/Rabbit_Brain_21_4881.fastq.gz	NA	U
Rabbit_Brain_21_4885	Rabbit_UCSC.oryCun2_ensv101	CordosoMoreira_Fastq/Rabbit_Brain_21_4885.fastq.gz	NA	U
Rabbit_Kidney_21_3312	Rabbit_UCSC.oryCun2_ensv101	CordosoMoreira_Fastq/Rabbit_Kidney_21_3312.fastq.gz	NA	U
Rabbit_Kidney_21_3318	Rabbit_UCSC.oryCun2_ensv101	CordosoMoreira_Fastq/Rabbit_Kidney_21_3318.fastq.gz	NA	U
Rabbit_Liver_21_3288	Rabbit_UCSC.oryCun2_ensv101	CordosoMoreira_Fastq/Rabbit_Liver_21_3288.fastq.gz	NA	U
Rabbit_Liver_21_3323	Rabbit_UCSC.oryCun2_ensv101	CordosoMoreira_Fastq/Rabbit_Liver_21_3323.fastq.gz	NA	U
Rabbit_Testis_21_3258	Rabbit_UCSC.oryCun2_ensv101	CordosoMoreira_Fastq/Rabbit_Testis_21_3258.fastq.gz	NA	U
Rabbit_WholeBrain_21_3491	Rabbit_UCSC.oryCun2_ensv101	CordosoMoreira_Fastq/Rabbit_WholeBrain_21_3491.fastq.gz	NA	U
Rabbit_WholeBrain_21_3492	Rabbit_UCSC.oryCun2_ensv101	CordosoMoreira_Fastq/Rabbit_WholeBrain_21_3492.fastq.gz	NA	U
Rabbit_WholeBrain_21_3509	Rabbit_UCSC.oryCun2_ensv101	CordosoMoreira_Fastq/Rabbit_WholeBrain_21_3509.fastq.gz	NA	U
Rabbit_Brain_23_4891	Rabbit_UCSC.oryCun2_ensv101	CordosoMoreira_Fastq/Rabbit_Brain_23_4891.fastq.gz	NA	U
Rabbit_Heart_23_3266	Rabbit_UCSC.oryCun2_ensv101	CordosoMoreira_Fastq/Rabbit_Heart_23_3266.fastq.gz	NA	U
Rabbit_Heart_23_3273	Rabbit_UCSC.oryCun2_ensv101	CordosoMoreira_Fastq/Rabbit_Heart_23_3273.fastq.gz	NA	U
Rabbit_Cerebellum_23_4894	Rabbit_UCSC.oryCun2_ensv101	CordosoMoreira_Fastq/Rabbit_Cerebellum_23_4894.fastq.gz	NA	U
Rabbit_Cerebellum_23_4896	Rabbit_UCSC.oryCun2_ensv101	CordosoMoreira_Fastq/Rabbit_Cerebellum_23_4896.fastq.gz	NA	U
Rabbit_Kidney_23_3267	Rabbit_UCSC.oryCun2_ensv101	CordosoMoreira_Fastq/Rabbit_Kidney_23_3267.fastq.gz	NA	U
Rabbit_Liver_23_3237	Rabbit_UCSC.oryCun2_ensv101	CordosoMoreira_Fastq/Rabbit_Liver_23_3237.fastq.gz	NA	U
Rabbit_Liver_23_3275	Rabbit_UCSC.oryCun2_ensv101	CordosoMoreira_Fastq/Rabbit_Liver_23_3275.fastq.gz	NA	U
Rabbit_Liver_23_5594	Rabbit_UCSC.oryCun2_ensv101	CordosoMoreira_Fastq/Rabbit_Liver_23_5594.fastq.gz	NA	U
Rabbit_Ovary_23_3269	Rabbit_UCSC.oryCun2_ensv101	CordosoMoreira_Fastq/Rabbit_Ovary_23_3269.fastq.gz	NA	U
Rabbit_Brain_24_4911	Rabbit_UCSC.oryCun2_ensv101	CordosoMoreira_Fastq/Rabbit_Brain_24_4911.fastq.gz	NA	U
Rabbit_Heart_24_3214	Rabbit_UCSC.oryCun2_ensv101	CordosoMoreira_Fastq/Rabbit_Heart_24_3214.fastq.gz	NA	U
Rabbit_Liver_24_3209	Rabbit_UCSC.oryCun2_ensv101	CordosoMoreira_Fastq/Rabbit_Liver_24_3209.fastq.gz	NA	U
Rabbit_Liver_24_3230	Rabbit_UCSC.oryCun2_ensv101	CordosoMoreira_Fastq/Rabbit_Liver_24_3230.fastq.gz	NA	U
Rabbit_Ovary_24_3223	Rabbit_UCSC.oryCun2_ensv101	CordosoMoreira_Fastq/Rabbit_Ovary_24_3223.fastq.gz	NA	U
Rabbit_Ovary_24_3231	Rabbit_UCSC.oryCun2_ensv101	CordosoMoreira_Fastq/Rabbit_Ovary_24_3231.fastq.gz	NA	U
Rabbit_WholeBrain_24_3505	Rabbit_UCSC.oryCun2_ensv101	CordosoMoreira_Fastq/Rabbit_WholeBrain_24_3505.fastq.gz	NA	U
Rabbit_Brain_27_3192	Rabbit_UCSC.oryCun2_ensv101	CordosoMoreira_Fastq/Rabbit_Brain_27_3192.fastq.gz	NA	U
Rabbit_Kidney_27_3156	Rabbit_UCSC.oryCun2_ensv101	CordosoMoreira_Fastq/Rabbit_Kidney_27_3156.fastq.gz	NA	U
Rabbit_Kidney_27_3165	Rabbit_UCSC.oryCun2_ensv101	CordosoMoreira_Fastq/Rabbit_Kidney_27_3165.fastq.gz	NA	U
Rabbit_Brain_0dpb_3143	Rabbit_UCSC.oryCun2_ensv101	CordosoMoreira_Fastq/Rabbit_Brain_0dpb_3143.fastq.gz	NA	U
Rabbit_Heart_0dpb_5593	Rabbit_UCSC.oryCun2_ensv101	CordosoMoreira_Fastq/Rabbit_Heart_0dpb_5593.fastq.gz	NA	U
Rabbit_Liver_0dpb_3147	Rabbit_UCSC.oryCun2_ensv101	CordosoMoreira_Fastq/Rabbit_Liver_0dpb_3147.fastq.gz	NA	U
Rabbit_Heart_12_4749	Rabbit_UCSC.oryCun2_ensv101	CordosoMoreira_Fastq/Rabbit_Heart_12_4749.fastq.gz	NA	U
Rabbit_Ovary_15.5_3447	Rabbit_UCSC.oryCun2_ensv101	CordosoMoreira_Fastq/Rabbit_Ovary_15.5_3447.fastq.gz	NA	U
Rabbit_WholeBrain_15.5_3450	Rabbit_UCSC.oryCun2_ensv101	CordosoMoreira_Fastq/Rabbit_WholeBrain_15.5_3450.fastq.gz	NA	U
Rabbit_Heart_16.5_3433	Rabbit_UCSC.oryCun2_ensv101	CordosoMoreira_Fastq/Rabbit_Heart_16.5_3433.fastq.gz	NA	U
Rabbit_Kidney_16.5_3434	Rabbit_UCSC.oryCun2_ensv101	CordosoMoreira_Fastq/Rabbit_Kidney_16.5_3434.fastq.gz	NA	U
Rabbit_Liver_16.5_3293	Rabbit_UCSC.oryCun2_ensv101	CordosoMoreira_Fastq/Rabbit_Liver_16.5_3293.fastq.gz	NA	U
Rabbit_WholeBrain_16.5_3440	Rabbit_UCSC.oryCun2_ensv101	CordosoMoreira_Fastq/Rabbit_WholeBrain_16.5_3440.fastq.gz	NA	U
Rabbit_Heart_18_3335	Rabbit_UCSC.oryCun2_ensv101	CordosoMoreira_Fastq/Rabbit_Heart_18_3335.fastq.gz	NA	U
Rabbit_Ovary_18_3337	Rabbit_UCSC.oryCun2_ensv101	CordosoMoreira_Fastq/Rabbit_Ovary_18_3337.fastq.gz	NA	U
Rabbit_Brain_19.5_4875	Rabbit_UCSC.oryCun2_ensv101	CordosoMoreira_Fastq/Rabbit_Brain_19.5_4875.fastq.gz	NA	U
Rabbit_Heart_19.5_4790	Rabbit_UCSC.oryCun2_ensv101	CordosoMoreira_Fastq/Rabbit_Heart_19.5_4790.fastq.gz	NA	U
Rabbit_Testis_19.5_4872	Rabbit_UCSC.oryCun2_ensv101	CordosoMoreira_Fastq/Rabbit_Testis_19.5_4872.fastq.gz	NA	U
Rabbit_Ovary_21_3399	Rabbit_UCSC.oryCun2_ensv101	CordosoMoreira_Fastq/Rabbit_Ovary_21_3399.fastq.gz	NA	U
Rabbit_Heart_23_3310	Rabbit_UCSC.oryCun2_ensv101	CordosoMoreira_Fastq/Rabbit_Heart_23_3310.fastq.gz	NA	U
Rabbit_Cerebellum_23_4892	Rabbit_UCSC.oryCun2_ensv101	CordosoMoreira_Fastq/Rabbit_Cerebellum_23_4892.fastq.gz	NA	U
Rabbit_Cerebellum_24_4999	Rabbit_UCSC.oryCun2_ensv101	CordosoMoreira_Fastq/Rabbit_Cerebellum_24_4999.fastq.gz	NA	U
Rabbit_Testis_24_3204	Rabbit_UCSC.oryCun2_ensv101	CordosoMoreira_Fastq/Rabbit_Testis_24_3204.fastq.gz	NA	U
Rabbit_Heart_27_3186	Rabbit_UCSC.oryCun2_ensv101	CordosoMoreira_Fastq/Rabbit_Heart_27_3186.fastq.gz	NA	U
Rabbit_Cerebellum_27_3154	Rabbit_UCSC.oryCun2_ensv101	CordosoMoreira_Fastq/Rabbit_Cerebellum_27_3154.fastq.gz	NA	U
Rabbit_Cerebellum_27_3193	Rabbit_UCSC.oryCun2_ensv101	CordosoMoreira_Fastq/Rabbit_Cerebellum_27_3193.fastq.gz	NA	U
Rabbit_Cerebellum_0dpb_3144	Rabbit_UCSC.oryCun2_ensv101	CordosoMoreira_Fastq/Rabbit_Cerebellum_0dpb_3144.fastq.gz	NA	U
Rabbit_Kidney_0dpb_3146	Rabbit_UCSC.oryCun2_ensv101	CordosoMoreira_Fastq/Rabbit_Kidney_0dpb_3146.fastq.gz	NA	U
Rabbit_Liver_0dpb_3174	Rabbit_UCSC.oryCun2_ensv101	CordosoMoreira_Fastq/Rabbit_Liver_0dpb_3174.fastq.gz	NA	U
Rabbit_Liver_0dpb_3180	Rabbit_UCSC.oryCun2_ensv101	CordosoMoreira_Fastq/Rabbit_Liver_0dpb_3180.fastq.gz	NA	U
Rabbit_Ovary_0dpb_3148	Rabbit_UCSC.oryCun2_ensv101	CordosoMoreira_Fastq/Rabbit_Ovary_0dpb_3148.fastq.gz	NA	U
Rabbit_Ovary_0dpb_3152	Rabbit_UCSC.oryCun2_ensv101	CordosoMoreira_Fastq/Rabbit_Ovary_0dpb_3152.fastq.gz	NA	U
Rabbit_Cerebellum_2wpb_3115	Rabbit_UCSC.oryCun2_ensv101	CordosoMoreira_Fastq/Rabbit_Cerebellum_2wpb_3115.fastq.gz	NA	U
Rabbit_Kidney_2wpb_3117	Rabbit_UCSC.oryCun2_ensv101	CordosoMoreira_Fastq/Rabbit_Kidney_2wpb_3117.fastq.gz	NA	U
Rabbit_Kidney_2wpb_3140	Rabbit_UCSC.oryCun2_ensv101	CordosoMoreira_Fastq/Rabbit_Kidney_2wpb_3140.fastq.gz	NA	U
Rabbit_Liver_2wpb_3108	Rabbit_UCSC.oryCun2_ensv101	CordosoMoreira_Fastq/Rabbit_Liver_2wpb_3108.fastq.gz	NA	U
Rabbit_Testis_2wpb_3109	Rabbit_UCSC.oryCun2_ensv101	CordosoMoreira_Fastq/Rabbit_Testis_2wpb_3109.fastq.gz	NA	U
Rabbit_Heart_9mpb_3085	Rabbit_UCSC.oryCun2_ensv101	CordosoMoreira_Fastq/Rabbit_Heart_9mpb_3085.fastq.gz	NA	U
Rabbit_Heart_6mpb_3458	Rabbit_UCSC.oryCun2_ensv101	CordosoMoreira_Fastq/Rabbit_Heart_6mpb_3458.fastq.gz	NA	U
Rabbit_Cerebellum_1ypb_3018	Rabbit_UCSC.oryCun2_ensv101	CordosoMoreira_Fastq/Rabbit_Cerebellum_1ypb_3018.fastq.gz	NA	U
Rabbit_Cerebellum_6mpb_3026	Rabbit_UCSC.oryCun2_ensv101	CordosoMoreira_Fastq/Rabbit_Cerebellum_6mpb_3026.fastq.gz	NA	U
Rabbit_Kidney_6mpb_3023	Rabbit_UCSC.oryCun2_ensv101	CordosoMoreira_Fastq/Rabbit_Kidney_6mpb_3023.fastq.gz	NA	U
Rabbit_Liver_6mpb_3015	Rabbit_UCSC.oryCun2_ensv101	CordosoMoreira_Fastq/Rabbit_Liver_6mpb_3015.fastq.gz	NA	U
Rabbit_Ovary_6mpb_3024	Rabbit_UCSC.oryCun2_ensv101	CordosoMoreira_Fastq/Rabbit_Ovary_6mpb_3024.fastq.gz	NA	U
Rabbit_Heart_12wpb_4913	Rabbit_UCSC.oryCun2_ensv101	CordosoMoreira_Fastq/Rabbit_Heart_12wpb_4913.fastq.gz	NA	U
Rabbit_Cerebellum_12wpb_4837	Rabbit_UCSC.oryCun2_ensv101	CordosoMoreira_Fastq/Rabbit_Cerebellum_12wpb_4837.fastq.gz	NA	U
Rabbit_Kidney_12wpb_4914	Rabbit_UCSC.oryCun2_ensv101	CordosoMoreira_Fastq/Rabbit_Kidney_12wpb_4914.fastq.gz	NA	U
Rabbit_Kidney_12wpb_4920	Rabbit_UCSC.oryCun2_ensv101	CordosoMoreira_Fastq/Rabbit_Kidney_12wpb_4920.fastq.gz	NA	U
Rabbit_Liver_12wpb_4921	Rabbit_UCSC.oryCun2_ensv101	CordosoMoreira_Fastq/Rabbit_Liver_12wpb_4921.fastq.gz	NA	U
Rabbit_Testis_12wpb_4835	Rabbit_UCSC.oryCun2_ensv101	CordosoMoreira_Fastq/Rabbit_Testis_12wpb_4835.fastq.gz	NA	U
Rabbit_Testis_12wpb_5197	Rabbit_UCSC.oryCun2_ensv101	CordosoMoreira_Fastq/Rabbit_Testis_12wpb_5197.fastq.gz	NA	U
Mouse_Heart_10.5_2495	Mouse_UCSC.mm39_GencodeComprehensive46	CordosoMoreira_Fastq/Mouse_Heart_10.5_2495.fastq.gz	NA	U
Mouse_Liver_10.5_3461	Mouse_UCSC.mm39_GencodeComprehensive46	CordosoMoreira_Fastq/Mouse_Liver_10.5_3461.fastq.gz	NA	U
Mouse_Ovary_10.5_3251	Mouse_UCSC.mm39_GencodeComprehensive46	CordosoMoreira_Fastq/Mouse_Ovary_10.5_3251.fastq.gz	NA	U
Mouse_Testis_10.5_3368	Mouse_UCSC.mm39_GencodeComprehensive46	CordosoMoreira_Fastq/Mouse_Testis_10.5_3368.fastq.gz	NA	U
Mouse_Brain_10.5_2579	Mouse_UCSC.mm39_GencodeComprehensive46	CordosoMoreira_Fastq/Mouse_Brain_10.5_2579.fastq.gz	NA	U
Mouse_Brain_10.5_3459	Mouse_UCSC.mm39_GencodeComprehensive46	CordosoMoreira_Fastq/Mouse_Brain_10.5_3459.fastq.gz	NA	U
Mouse_Heart_11.5_2944	Mouse_UCSC.mm39_GencodeComprehensive46	CordosoMoreira_Fastq/Mouse_Heart_11.5_2944.fastq.gz	NA	U
Mouse_Kidney_11.5_3362	Mouse_UCSC.mm39_GencodeComprehensive46	CordosoMoreira_Fastq/Mouse_Kidney_11.5_3362.fastq.gz	NA	U
Mouse_Liver_11.5_3034	Mouse_UCSC.mm39_GencodeComprehensive46	CordosoMoreira_Fastq/Mouse_Liver_11.5_3034.fastq.gz	NA	U
Mouse_Ovary_11.5_3367	Mouse_UCSC.mm39_GencodeComprehensive46	CordosoMoreira_Fastq/Mouse_Ovary_11.5_3367.fastq.gz	NA	U
Mouse_Testis_11.5_3361	Mouse_UCSC.mm39_GencodeComprehensive46	CordosoMoreira_Fastq/Mouse_Testis_11.5_3361.fastq.gz	NA	U
Mouse_Brain_11.5_2624	Mouse_UCSC.mm39_GencodeComprehensive46	CordosoMoreira_Fastq/Mouse_Brain_11.5_2624.fastq.gz	NA	U
Mouse_Brain_11.5_3096	Mouse_UCSC.mm39_GencodeComprehensive46	CordosoMoreira_Fastq/Mouse_Brain_11.5_3096.fastq.gz	NA	U
Mouse_Heart_12.5_3041	Mouse_UCSC.mm39_GencodeComprehensive46	CordosoMoreira_Fastq/Mouse_Heart_12.5_3041.fastq.gz	NA	U
Mouse_Heart_12.5_3502	Mouse_UCSC.mm39_GencodeComprehensive46	CordosoMoreira_Fastq/Mouse_Heart_12.5_3502.fastq.gz	NA	U
Mouse_Kidney_12.5_3280	Mouse_UCSC.mm39_GencodeComprehensive46	CordosoMoreira_Fastq/Mouse_Kidney_12.5_3280.fastq.gz	NA	U
Mouse_Brain_12.5_2945	Mouse_UCSC.mm39_GencodeComprehensive46	CordosoMoreira_Fastq/Mouse_Brain_12.5_2945.fastq.gz	NA	U
Mouse_Brain_12.5_3043	Mouse_UCSC.mm39_GencodeComprehensive46	CordosoMoreira_Fastq/Mouse_Brain_12.5_3043.fastq.gz	NA	U
Mouse_Brain_13.5_2837	Mouse_UCSC.mm39_GencodeComprehensive46	CordosoMoreira_Fastq/Mouse_Brain_13.5_2837.fastq.gz	NA	U
Mouse_Kidney_13.5_2817	Mouse_UCSC.mm39_GencodeComprehensive46	CordosoMoreira_Fastq/Mouse_Kidney_13.5_2817.fastq.gz	NA	U
Mouse_Liver_13.5_2816	Mouse_UCSC.mm39_GencodeComprehensive46	CordosoMoreira_Fastq/Mouse_Liver_13.5_2816.fastq.gz	NA	U
Mouse_Liver_13.5_2840	Mouse_UCSC.mm39_GencodeComprehensive46	CordosoMoreira_Fastq/Mouse_Liver_13.5_2840.fastq.gz	NA	U
Mouse_Liver_13.5_3916	Mouse_UCSC.mm39_GencodeComprehensive46	CordosoMoreira_Fastq/Mouse_Liver_13.5_3916.fastq.gz	NA	U
Mouse_Liver_13.5_3921	Mouse_UCSC.mm39_GencodeComprehensive46	CordosoMoreira_Fastq/Mouse_Liver_13.5_3921.fastq.gz	NA	U
Mouse_Ovary_13.5_2818	Mouse_UCSC.mm39_GencodeComprehensive46	CordosoMoreira_Fastq/Mouse_Ovary_13.5_2818.fastq.gz	NA	U
Mouse_Testis_13.5_2826	Mouse_UCSC.mm39_GencodeComprehensive46	CordosoMoreira_Fastq/Mouse_Testis_13.5_2826.fastq.gz	NA	U
Mouse_Heart_14.5_2461	Mouse_UCSC.mm39_GencodeComprehensive46	CordosoMoreira_Fastq/Mouse_Heart_14.5_2461.fastq.gz	NA	U
Mouse_Heart_14.5_2487	Mouse_UCSC.mm39_GencodeComprehensive46	CordosoMoreira_Fastq/Mouse_Heart_14.5_2487.fastq.gz	NA	U
Mouse_Kidney_14.5_2488	Mouse_UCSC.mm39_GencodeComprehensive46	CordosoMoreira_Fastq/Mouse_Kidney_14.5_2488.fastq.gz	NA	U
Mouse_Brain_15.5_2189	Mouse_UCSC.mm39_GencodeComprehensive46	CordosoMoreira_Fastq/Mouse_Brain_15.5_2189.fastq.gz	NA	U
Mouse_Brain_15.5_2247	Mouse_UCSC.mm39_GencodeComprehensive46	CordosoMoreira_Fastq/Mouse_Brain_15.5_2247.fastq.gz	NA	U
Mouse_Heart_15.5_2510	Mouse_UCSC.mm39_GencodeComprehensive46	CordosoMoreira_Fastq/Mouse_Heart_15.5_2510.fastq.gz	NA	U
Mouse_Cerebellum_15.5_2186	Mouse_UCSC.mm39_GencodeComprehensive46	CordosoMoreira_Fastq/Mouse_Cerebellum_15.5_2186.fastq.gz	NA	U
Mouse_Cerebellum_15.5_2218	Mouse_UCSC.mm39_GencodeComprehensive46	CordosoMoreira_Fastq/Mouse_Cerebellum_15.5_2218.fastq.gz	NA	U
Mouse_Kidney_15.5_2505	Mouse_UCSC.mm39_GencodeComprehensive46	CordosoMoreira_Fastq/Mouse_Kidney_15.5_2505.fastq.gz	NA	U
Mouse_Liver_15.5_2219	Mouse_UCSC.mm39_GencodeComprehensive46	CordosoMoreira_Fastq/Mouse_Liver_15.5_2219.fastq.gz	NA	U
Mouse_Ovary_15.5_2191	Mouse_UCSC.mm39_GencodeComprehensive46	CordosoMoreira_Fastq/Mouse_Ovary_15.5_2191.fastq.gz	NA	U
Mouse_Testis_15.5_2195	Mouse_UCSC.mm39_GencodeComprehensive46	CordosoMoreira_Fastq/Mouse_Testis_15.5_2195.fastq.gz	NA	U
Mouse_Brain_16.5_2257	Mouse_UCSC.mm39_GencodeComprehensive46	CordosoMoreira_Fastq/Mouse_Brain_16.5_2257.fastq.gz	NA	U
Mouse_Brain_16.5_2276	Mouse_UCSC.mm39_GencodeComprehensive46	CordosoMoreira_Fastq/Mouse_Brain_16.5_2276.fastq.gz	NA	U
Mouse_Heart_16.5_2514	Mouse_UCSC.mm39_GencodeComprehensive46	CordosoMoreira_Fastq/Mouse_Heart_16.5_2514.fastq.gz	NA	U
Mouse_Cerebellum_16.5_2258	Mouse_UCSC.mm39_GencodeComprehensive46	CordosoMoreira_Fastq/Mouse_Cerebellum_16.5_2258.fastq.gz	NA	U
Mouse_Kidney_16.5_2586	Mouse_UCSC.mm39_GencodeComprehensive46	CordosoMoreira_Fastq/Mouse_Kidney_16.5_2586.fastq.gz	NA	U
Mouse_Liver_16.5_2256	Mouse_UCSC.mm39_GencodeComprehensive46	CordosoMoreira_Fastq/Mouse_Liver_16.5_2256.fastq.gz	NA	U
Mouse_Liver_16.5_2272	Mouse_UCSC.mm39_GencodeComprehensive46	CordosoMoreira_Fastq/Mouse_Liver_16.5_2272.fastq.gz	NA	U
Mouse_Brain_17.5_2163	Mouse_UCSC.mm39_GencodeComprehensive46	CordosoMoreira_Fastq/Mouse_Brain_17.5_2163.fastq.gz	NA	U
Mouse_Heart_17.5_2589	Mouse_UCSC.mm39_GencodeComprehensive46	CordosoMoreira_Fastq/Mouse_Heart_17.5_2589.fastq.gz	NA	U
Mouse_Heart_17.5_2591	Mouse_UCSC.mm39_GencodeComprehensive46	CordosoMoreira_Fastq/Mouse_Heart_17.5_2591.fastq.gz	NA	U
Mouse_Heart_17.5_2595	Mouse_UCSC.mm39_GencodeComprehensive46	CordosoMoreira_Fastq/Mouse_Heart_17.5_2595.fastq.gz	NA	U
Mouse_Kidney_17.5_2590	Mouse_UCSC.mm39_GencodeComprehensive46	CordosoMoreira_Fastq/Mouse_Kidney_17.5_2590.fastq.gz	NA	U
Mouse_Kidney_17.5_2592	Mouse_UCSC.mm39_GencodeComprehensive46	CordosoMoreira_Fastq/Mouse_Kidney_17.5_2592.fastq.gz	NA	U
Mouse_Kidney_17.5_2596	Mouse_UCSC.mm39_GencodeComprehensive46	CordosoMoreira_Fastq/Mouse_Kidney_17.5_2596.fastq.gz	NA	U
Mouse_Ovary_17.5_2221	Mouse_UCSC.mm39_GencodeComprehensive46	CordosoMoreira_Fastq/Mouse_Ovary_17.5_2221.fastq.gz	NA	U
Mouse_Brain_18.5_2307	Mouse_UCSC.mm39_GencodeComprehensive46	CordosoMoreira_Fastq/Mouse_Brain_18.5_2307.fastq.gz	NA	U
Mouse_Brain_18.5_2317	Mouse_UCSC.mm39_GencodeComprehensive46	CordosoMoreira_Fastq/Mouse_Brain_18.5_2317.fastq.gz	NA	U
Mouse_Brain_18.5_2323	Mouse_UCSC.mm39_GencodeComprehensive46	CordosoMoreira_Fastq/Mouse_Brain_18.5_2323.fastq.gz	NA	U
Mouse_Heart_18.5_2635	Mouse_UCSC.mm39_GencodeComprehensive46	CordosoMoreira_Fastq/Mouse_Heart_18.5_2635.fastq.gz	NA	U
Mouse_Cerebellum_18.5_2314	Mouse_UCSC.mm39_GencodeComprehensive46	CordosoMoreira_Fastq/Mouse_Cerebellum_18.5_2314.fastq.gz	NA	U
Mouse_Cerebellum_18.5_2318	Mouse_UCSC.mm39_GencodeComprehensive46	CordosoMoreira_Fastq/Mouse_Cerebellum_18.5_2318.fastq.gz	NA	U
Mouse_Kidney_18.5_2634	Mouse_UCSC.mm39_GencodeComprehensive46	CordosoMoreira_Fastq/Mouse_Kidney_18.5_2634.fastq.gz	NA	U
Mouse_Liver_18.5_2319	Mouse_UCSC.mm39_GencodeComprehensive46	CordosoMoreira_Fastq/Mouse_Liver_18.5_2319.fastq.gz	NA	U
Mouse_Brain_0dpb_1900	Mouse_UCSC.mm39_GencodeComprehensive46	CordosoMoreira_Fastq/Mouse_Brain_0dpb_1900.fastq.gz	NA	U
Mouse_Brain_0dpb_1906	Mouse_UCSC.mm39_GencodeComprehensive46	CordosoMoreira_Fastq/Mouse_Brain_0dpb_1906.fastq.gz	NA	U
Mouse_Heart_0dpb_1902	Mouse_UCSC.mm39_GencodeComprehensive46	CordosoMoreira_Fastq/Mouse_Heart_0dpb_1902.fastq.gz	NA	U
Mouse_Cerebellum_0dpb_3919	Mouse_UCSC.mm39_GencodeComprehensive46	CordosoMoreira_Fastq/Mouse_Cerebellum_0dpb_3919.fastq.gz	NA	U
Mouse_Kidney_0dpb_1744	Mouse_UCSC.mm39_GencodeComprehensive46	CordosoMoreira_Fastq/Mouse_Kidney_0dpb_1744.fastq.gz	NA	U
Mouse_Kidney_0dpb_1903	Mouse_UCSC.mm39_GencodeComprehensive46	CordosoMoreira_Fastq/Mouse_Kidney_0dpb_1903.fastq.gz	NA	U
Mouse_Liver_0dpb_1904	Mouse_UCSC.mm39_GencodeComprehensive46	CordosoMoreira_Fastq/Mouse_Liver_0dpb_1904.fastq.gz	NA	U
Mouse_Liver_0dpb_1916	Mouse_UCSC.mm39_GencodeComprehensive46	CordosoMoreira_Fastq/Mouse_Liver_0dpb_1916.fastq.gz	NA	U
Mouse_Brain_2wpb_1888	Mouse_UCSC.mm39_GencodeComprehensive46	CordosoMoreira_Fastq/Mouse_Brain_2wpb_1888.fastq.gz	NA	U
Mouse_Heart_2wpb_2645	Mouse_UCSC.mm39_GencodeComprehensive46	CordosoMoreira_Fastq/Mouse_Heart_2wpb_2645.fastq.gz	NA	U
Mouse_Cerebellum_2wpb_1877	Mouse_UCSC.mm39_GencodeComprehensive46	CordosoMoreira_Fastq/Mouse_Cerebellum_2wpb_1877.fastq.gz	NA	U
Mouse_Kidney_2wpb_2646	Mouse_UCSC.mm39_GencodeComprehensive46	CordosoMoreira_Fastq/Mouse_Kidney_2wpb_2646.fastq.gz	NA	U
Mouse_Liver_2wpb_1882	Mouse_UCSC.mm39_GencodeComprehensive46	CordosoMoreira_Fastq/Mouse_Liver_2wpb_1882.fastq.gz	NA	U
Mouse_Liver_2wpb_1890	Mouse_UCSC.mm39_GencodeComprehensive46	CordosoMoreira_Fastq/Mouse_Liver_2wpb_1890.fastq.gz	NA	U
Mouse_Ovary_2wpb_1887	Mouse_UCSC.mm39_GencodeComprehensive46	CordosoMoreira_Fastq/Mouse_Ovary_2wpb_1887.fastq.gz	NA	U
Mouse_Brain_4wpb_1892	Mouse_UCSC.mm39_GencodeComprehensive46	CordosoMoreira_Fastq/Mouse_Brain_4wpb_1892.fastq.gz	NA	U
Mouse_Brain_4wpb_1896	Mouse_UCSC.mm39_GencodeComprehensive46	CordosoMoreira_Fastq/Mouse_Brain_4wpb_1896.fastq.gz	NA	U
Mouse_Heart_4wpb_2657	Mouse_UCSC.mm39_GencodeComprehensive46	CordosoMoreira_Fastq/Mouse_Heart_4wpb_2657.fastq.gz	NA	U
Mouse_Heart_4wpb_2659	Mouse_UCSC.mm39_GencodeComprehensive46	CordosoMoreira_Fastq/Mouse_Heart_4wpb_2659.fastq.gz	NA	U
Mouse_Kidney_4wpb_2656	Mouse_UCSC.mm39_GencodeComprehensive46	CordosoMoreira_Fastq/Mouse_Kidney_4wpb_2656.fastq.gz	NA	U
Mouse_Kidney_4wpb_2658	Mouse_UCSC.mm39_GencodeComprehensive46	CordosoMoreira_Fastq/Mouse_Kidney_4wpb_2658.fastq.gz	NA	U
Mouse_Kidney_4wpb_2662	Mouse_UCSC.mm39_GencodeComprehensive46	CordosoMoreira_Fastq/Mouse_Kidney_4wpb_2662.fastq.gz	NA	U
Mouse_Liver_4wpb_1938	Mouse_UCSC.mm39_GencodeComprehensive46	CordosoMoreira_Fastq/Mouse_Liver_4wpb_1938.fastq.gz	NA	U
Mouse_Liver_4wpb_1942	Mouse_UCSC.mm39_GencodeComprehensive46	CordosoMoreira_Fastq/Mouse_Liver_4wpb_1942.fastq.gz	NA	U
Mouse_Ovary_4wpb_1939	Mouse_UCSC.mm39_GencodeComprehensive46	CordosoMoreira_Fastq/Mouse_Ovary_4wpb_1939.fastq.gz	NA	U
Mouse_Testis_4wpb_1899	Mouse_UCSC.mm39_GencodeComprehensive46	CordosoMoreira_Fastq/Mouse_Testis_4wpb_1899.fastq.gz	NA	U
Mouse_Brain_3dpb_1918	Mouse_UCSC.mm39_GencodeComprehensive46	CordosoMoreira_Fastq/Mouse_Brain_3dpb_1918.fastq.gz	NA	U
Mouse_Brain_3dpb_1924	Mouse_UCSC.mm39_GencodeComprehensive46	CordosoMoreira_Fastq/Mouse_Brain_3dpb_1924.fastq.gz	NA	U
Mouse_Brain_3dpb_1930	Mouse_UCSC.mm39_GencodeComprehensive46	CordosoMoreira_Fastq/Mouse_Brain_3dpb_1930.fastq.gz	NA	U
Mouse_Brain_3dpb_1964	Mouse_UCSC.mm39_GencodeComprehensive46	CordosoMoreira_Fastq/Mouse_Brain_3dpb_1964.fastq.gz	NA	U
Mouse_Heart_3dpb_1926	Mouse_UCSC.mm39_GencodeComprehensive46	CordosoMoreira_Fastq/Mouse_Heart_3dpb_1926.fastq.gz	NA	U
Mouse_Heart_3dpb_1932	Mouse_UCSC.mm39_GencodeComprehensive46	CordosoMoreira_Fastq/Mouse_Heart_3dpb_1932.fastq.gz	NA	U
Mouse_Cerebellum_3dpb_1919	Mouse_UCSC.mm39_GencodeComprehensive46	CordosoMoreira_Fastq/Mouse_Cerebellum_3dpb_1919.fastq.gz	NA	U
Mouse_Cerebellum_3dpb_1965	Mouse_UCSC.mm39_GencodeComprehensive46	CordosoMoreira_Fastq/Mouse_Cerebellum_3dpb_1965.fastq.gz	NA	U
Mouse_Kidney_3dpb_1927	Mouse_UCSC.mm39_GencodeComprehensive46	CordosoMoreira_Fastq/Mouse_Kidney_3dpb_1927.fastq.gz	NA	U
Mouse_Liver_3dpb_1934	Mouse_UCSC.mm39_GencodeComprehensive46	CordosoMoreira_Fastq/Mouse_Liver_3dpb_1934.fastq.gz	NA	U
Mouse_Ovary_3dpb_1923	Mouse_UCSC.mm39_GencodeComprehensive46	CordosoMoreira_Fastq/Mouse_Ovary_3dpb_1923.fastq.gz	NA	U
Mouse_Testis_3dpb_1929	Mouse_UCSC.mm39_GencodeComprehensive46	CordosoMoreira_Fastq/Mouse_Testis_3dpb_1929.fastq.gz	NA	U
Mouse_Brain_9wpb_1944	Mouse_UCSC.mm39_GencodeComprehensive46	CordosoMoreira_Fastq/Mouse_Brain_9wpb_1944.fastq.gz	NA	U
Mouse_Heart_9wpb_1956	Mouse_UCSC.mm39_GencodeComprehensive46	CordosoMoreira_Fastq/Mouse_Heart_9wpb_1956.fastq.gz	NA	U
Mouse_Heart_9wpb_2663	Mouse_UCSC.mm39_GencodeComprehensive46	CordosoMoreira_Fastq/Mouse_Heart_9wpb_2663.fastq.gz	NA	U
Mouse_Cerebellum_9wpb_1961	Mouse_UCSC.mm39_GencodeComprehensive46	CordosoMoreira_Fastq/Mouse_Cerebellum_9wpb_1961.fastq.gz	NA	U
Mouse_Liver_9wpb_1952	Mouse_UCSC.mm39_GencodeComprehensive46	CordosoMoreira_Fastq/Mouse_Liver_9wpb_1952.fastq.gz	NA	U
Mouse_Testis_9wpb_1947	Mouse_UCSC.mm39_GencodeComprehensive46	CordosoMoreira_Fastq/Mouse_Testis_9wpb_1947.fastq.gz	NA	U
Mouse_Testis_9wpb_1959	Mouse_UCSC.mm39_GencodeComprehensive46	CordosoMoreira_Fastq/Mouse_Testis_9wpb_1959.fastq.gz	NA	U
Mouse_Heart_10.5_3460	Mouse_UCSC.mm39_GencodeComprehensive46	CordosoMoreira_Fastq/Mouse_Heart_10.5_3460.fastq.gz	NA	U
Mouse_Liver_10.5_2583	Mouse_UCSC.mm39_GencodeComprehensive46	CordosoMoreira_Fastq/Mouse_Liver_10.5_2583.fastq.gz	NA	U
Mouse_Ovary_10.5_3248	Mouse_UCSC.mm39_GencodeComprehensive46	CordosoMoreira_Fastq/Mouse_Ovary_10.5_3248.fastq.gz	NA	U
Mouse_Heart_11.5_3031	Mouse_UCSC.mm39_GencodeComprehensive46	CordosoMoreira_Fastq/Mouse_Heart_11.5_3031.fastq.gz	NA	U
Mouse_Liver_11.5_2943	Mouse_UCSC.mm39_GencodeComprehensive46	CordosoMoreira_Fastq/Mouse_Liver_11.5_2943.fastq.gz	NA	U
Mouse_Liver_11.5_5603	Mouse_UCSC.mm39_GencodeComprehensive46	CordosoMoreira_Fastq/Mouse_Liver_11.5_5603.fastq.gz	NA	U
Mouse_Testis_11.5_3363	Mouse_UCSC.mm39_GencodeComprehensive46	CordosoMoreira_Fastq/Mouse_Testis_11.5_3363.fastq.gz	NA	U
Mouse_Brain_11.5_2621	Mouse_UCSC.mm39_GencodeComprehensive46	CordosoMoreira_Fastq/Mouse_Brain_11.5_2621.fastq.gz	NA	U
Mouse_Brain_11.5_2937	Mouse_UCSC.mm39_GencodeComprehensive46	CordosoMoreira_Fastq/Mouse_Brain_11.5_2937.fastq.gz	NA	U
Mouse_Heart_12.5_3036	Mouse_UCSC.mm39_GencodeComprehensive46	CordosoMoreira_Fastq/Mouse_Heart_12.5_3036.fastq.gz	NA	U
Mouse_Kidney_12.5_3282	Mouse_UCSC.mm39_GencodeComprehensive46	CordosoMoreira_Fastq/Mouse_Kidney_12.5_3282.fastq.gz	NA	U
Mouse_Kidney_12.5_3284	Mouse_UCSC.mm39_GencodeComprehensive46	CordosoMoreira_Fastq/Mouse_Kidney_12.5_3284.fastq.gz	NA	U
Mouse_Kidney_12.5_3286	Mouse_UCSC.mm39_GencodeComprehensive46	CordosoMoreira_Fastq/Mouse_Kidney_12.5_3286.fastq.gz	NA	U
Mouse_Liver_12.5_3044	Mouse_UCSC.mm39_GencodeComprehensive46	CordosoMoreira_Fastq/Mouse_Liver_12.5_3044.fastq.gz	NA	U
Mouse_Ovary_12.5_3283	Mouse_UCSC.mm39_GencodeComprehensive46	CordosoMoreira_Fastq/Mouse_Ovary_12.5_3283.fastq.gz	NA	U
Mouse_Testis_12.5_3281	Mouse_UCSC.mm39_GencodeComprehensive46	CordosoMoreira_Fastq/Mouse_Testis_12.5_3281.fastq.gz	NA	U
Mouse_Testis_12.5_3285	Mouse_UCSC.mm39_GencodeComprehensive46	CordosoMoreira_Fastq/Mouse_Testis_12.5_3285.fastq.gz	NA	U
Mouse_Brain_12.5_3038	Mouse_UCSC.mm39_GencodeComprehensive46	CordosoMoreira_Fastq/Mouse_Brain_12.5_3038.fastq.gz	NA	U
Mouse_Brain_12.5_3040	Mouse_UCSC.mm39_GencodeComprehensive46	CordosoMoreira_Fastq/Mouse_Brain_12.5_3040.fastq.gz	NA	U
Mouse_Brain_13.5_2813	Mouse_UCSC.mm39_GencodeComprehensive46	CordosoMoreira_Fastq/Mouse_Brain_13.5_2813.fastq.gz	NA	U
Mouse_Heart_13.5_2815	Mouse_UCSC.mm39_GencodeComprehensive46	CordosoMoreira_Fastq/Mouse_Heart_13.5_2815.fastq.gz	NA	U
Mouse_Heart_13.5_2823	Mouse_UCSC.mm39_GencodeComprehensive46	CordosoMoreira_Fastq/Mouse_Heart_13.5_2823.fastq.gz	NA	U
Mouse_Heart_13.5_2831	Mouse_UCSC.mm39_GencodeComprehensive46	CordosoMoreira_Fastq/Mouse_Heart_13.5_2831.fastq.gz	NA	U
Mouse_Heart_13.5_2839	Mouse_UCSC.mm39_GencodeComprehensive46	CordosoMoreira_Fastq/Mouse_Heart_13.5_2839.fastq.gz	NA	U
Mouse_Cerebellum_13.5_2822	Mouse_UCSC.mm39_GencodeComprehensive46	CordosoMoreira_Fastq/Mouse_Cerebellum_13.5_2822.fastq.gz	NA	U
Mouse_Cerebellum_13.5_2830	Mouse_UCSC.mm39_GencodeComprehensive46	CordosoMoreira_Fastq/Mouse_Cerebellum_13.5_2830.fastq.gz	NA	U
Mouse_Kidney_13.5_2833	Mouse_UCSC.mm39_GencodeComprehensive46	CordosoMoreira_Fastq/Mouse_Kidney_13.5_2833.fastq.gz	NA	U
Mouse_Kidney_13.5_5359	Mouse_UCSC.mm39_GencodeComprehensive46	CordosoMoreira_Fastq/Mouse_Kidney_13.5_5359.fastq.gz	NA	U
Mouse_Liver_13.5_2832	Mouse_UCSC.mm39_GencodeComprehensive46	CordosoMoreira_Fastq/Mouse_Liver_13.5_2832.fastq.gz	NA	U
Mouse_Ovary_13.5_2834	Mouse_UCSC.mm39_GencodeComprehensive46	CordosoMoreira_Fastq/Mouse_Ovary_13.5_2834.fastq.gz	NA	U
Mouse_Testis_13.5_2842	Mouse_UCSC.mm39_GencodeComprehensive46	CordosoMoreira_Fastq/Mouse_Testis_13.5_2842.fastq.gz	NA	U
Mouse_Heart_14.5_2459	Mouse_UCSC.mm39_GencodeComprehensive46	CordosoMoreira_Fastq/Mouse_Heart_14.5_2459.fastq.gz	NA	U
Mouse_Cerebellum_14.5_2224	Mouse_UCSC.mm39_GencodeComprehensive46	CordosoMoreira_Fastq/Mouse_Cerebellum_14.5_2224.fastq.gz	NA	U
Mouse_Cerebellum_14.5_2238	Mouse_UCSC.mm39_GencodeComprehensive46	CordosoMoreira_Fastq/Mouse_Cerebellum_14.5_2238.fastq.gz	NA	U
Mouse_Kidney_14.5_2460	Mouse_UCSC.mm39_GencodeComprehensive46	CordosoMoreira_Fastq/Mouse_Kidney_14.5_2460.fastq.gz	NA	U
Mouse_Kidney_14.5_2462	Mouse_UCSC.mm39_GencodeComprehensive46	CordosoMoreira_Fastq/Mouse_Kidney_14.5_2462.fastq.gz	NA	U
Mouse_Liver_14.5_2229	Mouse_UCSC.mm39_GencodeComprehensive46	CordosoMoreira_Fastq/Mouse_Liver_14.5_2229.fastq.gz	NA	U
Mouse_Liver_14.5_2239	Mouse_UCSC.mm39_GencodeComprehensive46	CordosoMoreira_Fastq/Mouse_Liver_14.5_2239.fastq.gz	NA	U
Mouse_Liver_14.5_2245	Mouse_UCSC.mm39_GencodeComprehensive46	CordosoMoreira_Fastq/Mouse_Liver_14.5_2245.fastq.gz	NA	U
Mouse_Heart_15.5_2504	Mouse_UCSC.mm39_GencodeComprehensive46	CordosoMoreira_Fastq/Mouse_Heart_15.5_2504.fastq.gz	NA	U
Mouse_Heart_15.5_2508	Mouse_UCSC.mm39_GencodeComprehensive46	CordosoMoreira_Fastq/Mouse_Heart_15.5_2508.fastq.gz	NA	U
Mouse_Cerebellum_15.5_2190	Mouse_UCSC.mm39_GencodeComprehensive46	CordosoMoreira_Fastq/Mouse_Cerebellum_15.5_2190.fastq.gz	NA	U
Mouse_Cerebellum_15.5_2194	Mouse_UCSC.mm39_GencodeComprehensive46	CordosoMoreira_Fastq/Mouse_Cerebellum_15.5_2194.fastq.gz	NA	U
Mouse_Kidney_15.5_2509	Mouse_UCSC.mm39_GencodeComprehensive46	CordosoMoreira_Fastq/Mouse_Kidney_15.5_2509.fastq.gz	NA	U
Mouse_Liver_15.5_2188	Mouse_UCSC.mm39_GencodeComprehensive46	CordosoMoreira_Fastq/Mouse_Liver_15.5_2188.fastq.gz	NA	U
Mouse_Liver_15.5_2196	Mouse_UCSC.mm39_GencodeComprehensive46	CordosoMoreira_Fastq/Mouse_Liver_15.5_2196.fastq.gz	NA	U
Mouse_Ovary_15.5_2215	Mouse_UCSC.mm39_GencodeComprehensive46	CordosoMoreira_Fastq/Mouse_Ovary_15.5_2215.fastq.gz	NA	U
Mouse_Heart_16.5_2587	Mouse_UCSC.mm39_GencodeComprehensive46	CordosoMoreira_Fastq/Mouse_Heart_16.5_2587.fastq.gz	NA	U
Mouse_Cerebellum_16.5_2274	Mouse_UCSC.mm39_GencodeComprehensive46	CordosoMoreira_Fastq/Mouse_Cerebellum_16.5_2274.fastq.gz	NA	U
Mouse_Kidney_16.5_2513	Mouse_UCSC.mm39_GencodeComprehensive46	CordosoMoreira_Fastq/Mouse_Kidney_16.5_2513.fastq.gz	NA	U
Mouse_Liver_16.5_2275	Mouse_UCSC.mm39_GencodeComprehensive46	CordosoMoreira_Fastq/Mouse_Liver_16.5_2275.fastq.gz	NA	U
Mouse_Ovary_16.5_2271	Mouse_UCSC.mm39_GencodeComprehensive46	CordosoMoreira_Fastq/Mouse_Ovary_16.5_2271.fastq.gz	NA	U
Mouse_Testis_16.5_2278	Mouse_UCSC.mm39_GencodeComprehensive46	CordosoMoreira_Fastq/Mouse_Testis_16.5_2278.fastq.gz	NA	U
Mouse_Brain_17.5_2157	Mouse_UCSC.mm39_GencodeComprehensive46	CordosoMoreira_Fastq/Mouse_Brain_17.5_2157.fastq.gz	NA	U
Mouse_Brain_17.5_2165	Mouse_UCSC.mm39_GencodeComprehensive46	CordosoMoreira_Fastq/Mouse_Brain_17.5_2165.fastq.gz	NA	U
Mouse_Heart_17.5_2593	Mouse_UCSC.mm39_GencodeComprehensive46	CordosoMoreira_Fastq/Mouse_Heart_17.5_2593.fastq.gz	NA	U
Mouse_Cerebellum_17.5_2158	Mouse_UCSC.mm39_GencodeComprehensive46	CordosoMoreira_Fastq/Mouse_Cerebellum_17.5_2158.fastq.gz	NA	U
Mouse_Liver_17.5_2284	Mouse_UCSC.mm39_GencodeComprehensive46	CordosoMoreira_Fastq/Mouse_Liver_17.5_2284.fastq.gz	NA	U
Mouse_Heart_18.5_2633	Mouse_UCSC.mm39_GencodeComprehensive46	CordosoMoreira_Fastq/Mouse_Heart_18.5_2633.fastq.gz	NA	U
Mouse_Heart_18.5_2639	Mouse_UCSC.mm39_GencodeComprehensive46	CordosoMoreira_Fastq/Mouse_Heart_18.5_2639.fastq.gz	NA	U
Mouse_Cerebellum_18.5_2324	Mouse_UCSC.mm39_GencodeComprehensive46	CordosoMoreira_Fastq/Mouse_Cerebellum_18.5_2324.fastq.gz	NA	U
Mouse_Liver_18.5_2309	Mouse_UCSC.mm39_GencodeComprehensive46	CordosoMoreira_Fastq/Mouse_Liver_18.5_2309.fastq.gz	NA	U
Mouse_Ovary_18.5_2326	Mouse_UCSC.mm39_GencodeComprehensive46	CordosoMoreira_Fastq/Mouse_Ovary_18.5_2326.fastq.gz	NA	U
Mouse_Testis_18.5_2310	Mouse_UCSC.mm39_GencodeComprehensive46	CordosoMoreira_Fastq/Mouse_Testis_18.5_2310.fastq.gz	NA	U
Mouse_Brain_0dpb_1740	Mouse_UCSC.mm39_GencodeComprehensive46	CordosoMoreira_Fastq/Mouse_Brain_0dpb_1740.fastq.gz	NA	U
Mouse_Heart_0dpb_1742	Mouse_UCSC.mm39_GencodeComprehensive46	CordosoMoreira_Fastq/Mouse_Heart_0dpb_1742.fastq.gz	NA	U
Mouse_Heart_0dpb_1914	Mouse_UCSC.mm39_GencodeComprehensive46	CordosoMoreira_Fastq/Mouse_Heart_0dpb_1914.fastq.gz	NA	U
Mouse_Cerebellum_0dpb_1741	Mouse_UCSC.mm39_GencodeComprehensive46	CordosoMoreira_Fastq/Mouse_Cerebellum_0dpb_1741.fastq.gz	NA	U
Mouse_Cerebellum_0dpb_1901	Mouse_UCSC.mm39_GencodeComprehensive46	CordosoMoreira_Fastq/Mouse_Cerebellum_0dpb_1901.fastq.gz	NA	U
Mouse_Cerebellum_0dpb_1907	Mouse_UCSC.mm39_GencodeComprehensive46	CordosoMoreira_Fastq/Mouse_Cerebellum_0dpb_1907.fastq.gz	NA	U
Mouse_Liver_0dpb_1743	Mouse_UCSC.mm39_GencodeComprehensive46	CordosoMoreira_Fastq/Mouse_Liver_0dpb_1743.fastq.gz	NA	U
Mouse_Liver_0dpb_1910	Mouse_UCSC.mm39_GencodeComprehensive46	CordosoMoreira_Fastq/Mouse_Liver_0dpb_1910.fastq.gz	NA	U
Mouse_Ovary_0dpb_1905	Mouse_UCSC.mm39_GencodeComprehensive46	CordosoMoreira_Fastq/Mouse_Ovary_0dpb_1905.fastq.gz	NA	U
Mouse_Testis_0dpb_1911	Mouse_UCSC.mm39_GencodeComprehensive46	CordosoMoreira_Fastq/Mouse_Testis_0dpb_1911.fastq.gz	NA	U
Mouse_Testis_0dpb_1917	Mouse_UCSC.mm39_GencodeComprehensive46	CordosoMoreira_Fastq/Mouse_Testis_0dpb_1917.fastq.gz	NA	U
Mouse_Heart_2wpb_2643	Mouse_UCSC.mm39_GencodeComprehensive46	CordosoMoreira_Fastq/Mouse_Heart_2wpb_2643.fastq.gz	NA	U
Mouse_Heart_2wpb_2651	Mouse_UCSC.mm39_GencodeComprehensive46	CordosoMoreira_Fastq/Mouse_Heart_2wpb_2651.fastq.gz	NA	U
Mouse_Cerebellum_2wpb_1881	Mouse_UCSC.mm39_GencodeComprehensive46	CordosoMoreira_Fastq/Mouse_Cerebellum_2wpb_1881.fastq.gz	NA	U
Mouse_Cerebellum_2wpb_1885	Mouse_UCSC.mm39_GencodeComprehensive46	CordosoMoreira_Fastq/Mouse_Cerebellum_2wpb_1885.fastq.gz	NA	U
Mouse_Kidney_2wpb_2644	Mouse_UCSC.mm39_GencodeComprehensive46	CordosoMoreira_Fastq/Mouse_Kidney_2wpb_2644.fastq.gz	NA	U
Mouse_Liver_2wpb_1886	Mouse_UCSC.mm39_GencodeComprehensive46	CordosoMoreira_Fastq/Mouse_Liver_2wpb_1886.fastq.gz	NA	U
Mouse_Ovary_2wpb_1891	Mouse_UCSC.mm39_GencodeComprehensive46	CordosoMoreira_Fastq/Mouse_Ovary_2wpb_1891.fastq.gz	NA	U
Mouse_Testis_2wpb_1883	Mouse_UCSC.mm39_GencodeComprehensive46	CordosoMoreira_Fastq/Mouse_Testis_2wpb_1883.fastq.gz	NA	U
Mouse_Brain_4wpb_1936	Mouse_UCSC.mm39_GencodeComprehensive46	CordosoMoreira_Fastq/Mouse_Brain_4wpb_1936.fastq.gz	NA	U
Mouse_Brain_4wpb_1940	Mouse_UCSC.mm39_GencodeComprehensive46	CordosoMoreira_Fastq/Mouse_Brain_4wpb_1940.fastq.gz	NA	U
Mouse_Heart_4wpb_2655	Mouse_UCSC.mm39_GencodeComprehensive46	CordosoMoreira_Fastq/Mouse_Heart_4wpb_2655.fastq.gz	NA	U
Mouse_Heart_4wpb_2661	Mouse_UCSC.mm39_GencodeComprehensive46	CordosoMoreira_Fastq/Mouse_Heart_4wpb_2661.fastq.gz	NA	U
Mouse_Kidney_4wpb_2660	Mouse_UCSC.mm39_GencodeComprehensive46	CordosoMoreira_Fastq/Mouse_Kidney_4wpb_2660.fastq.gz	NA	U
Mouse_Liver_4wpb_1898	Mouse_UCSC.mm39_GencodeComprehensive46	CordosoMoreira_Fastq/Mouse_Liver_4wpb_1898.fastq.gz	NA	U
Mouse_Ovary_4wpb_1943	Mouse_UCSC.mm39_GencodeComprehensive46	CordosoMoreira_Fastq/Mouse_Ovary_4wpb_1943.fastq.gz	NA	U
Mouse_Heart_3dpb_1920	Mouse_UCSC.mm39_GencodeComprehensive46	CordosoMoreira_Fastq/Mouse_Heart_3dpb_1920.fastq.gz	NA	U
Mouse_Kidney_3dpb_1921	Mouse_UCSC.mm39_GencodeComprehensive46	CordosoMoreira_Fastq/Mouse_Kidney_3dpb_1921.fastq.gz	NA	U
Mouse_Kidney_3dpb_2642	Mouse_UCSC.mm39_GencodeComprehensive46	CordosoMoreira_Fastq/Mouse_Kidney_3dpb_2642.fastq.gz	NA	U
Mouse_Liver_3dpb_1928	Mouse_UCSC.mm39_GencodeComprehensive46	CordosoMoreira_Fastq/Mouse_Liver_3dpb_1928.fastq.gz	NA	U
Mouse_Brain_9wpb_1948	Mouse_UCSC.mm39_GencodeComprehensive46	CordosoMoreira_Fastq/Mouse_Brain_9wpb_1948.fastq.gz	NA	U
Mouse_Brain_9wpb_1954	Mouse_UCSC.mm39_GencodeComprehensive46	CordosoMoreira_Fastq/Mouse_Brain_9wpb_1954.fastq.gz	NA	U
Mouse_Heart_9wpb_1950	Mouse_UCSC.mm39_GencodeComprehensive46	CordosoMoreira_Fastq/Mouse_Heart_9wpb_1950.fastq.gz	NA	U
Mouse_Heart_9wpb_2669	Mouse_UCSC.mm39_GencodeComprehensive46	CordosoMoreira_Fastq/Mouse_Heart_9wpb_2669.fastq.gz	NA	U
Mouse_Cerebellum_9wpb_1945	Mouse_UCSC.mm39_GencodeComprehensive46	CordosoMoreira_Fastq/Mouse_Cerebellum_9wpb_1945.fastq.gz	NA	U
Mouse_Cerebellum_9wpb_1949	Mouse_UCSC.mm39_GencodeComprehensive46	CordosoMoreira_Fastq/Mouse_Cerebellum_9wpb_1949.fastq.gz	NA	U
Mouse_Cerebellum_9wpb_1955	Mouse_UCSC.mm39_GencodeComprehensive46	CordosoMoreira_Fastq/Mouse_Cerebellum_9wpb_1955.fastq.gz	NA	U
Mouse_Kidney_9wpb_2665	Mouse_UCSC.mm39_GencodeComprehensive46	CordosoMoreira_Fastq/Mouse_Kidney_9wpb_2665.fastq.gz	NA	U
Mouse_Liver_9wpb_1946	Mouse_UCSC.mm39_GencodeComprehensive46	CordosoMoreira_Fastq/Mouse_Liver_9wpb_1946.fastq.gz	NA	U
Mouse_Liver_9wpb_1958	Mouse_UCSC.mm39_GencodeComprehensive46	CordosoMoreira_Fastq/Mouse_Liver_9wpb_1958.fastq.gz	NA	U
Mouse_Ovary_9wpb_1953	Mouse_UCSC.mm39_GencodeComprehensive46	CordosoMoreira_Fastq/Mouse_Ovary_9wpb_1953.fastq.gz	NA	U
Mouse_Heart_10.5_2581	Mouse_UCSC.mm39_GencodeComprehensive46	CordosoMoreira_Fastq/Mouse_Heart_10.5_2581.fastq.gz	NA	U
Mouse_Heart_10.5_2647	Mouse_UCSC.mm39_GencodeComprehensive46	CordosoMoreira_Fastq/Mouse_Heart_10.5_2647.fastq.gz	NA	U
Mouse_Liver_10.5_2496	Mouse_UCSC.mm39_GencodeComprehensive46	CordosoMoreira_Fastq/Mouse_Liver_10.5_2496.fastq.gz	NA	U
Mouse_Liver_10.5_2648	Mouse_UCSC.mm39_GencodeComprehensive46	CordosoMoreira_Fastq/Mouse_Liver_10.5_2648.fastq.gz	NA	U
Mouse_Testis_10.5_3279	Mouse_UCSC.mm39_GencodeComprehensive46	CordosoMoreira_Fastq/Mouse_Testis_10.5_3279.fastq.gz	NA	U
Mouse_Brain_10.5_2580	Mouse_UCSC.mm39_GencodeComprehensive46	CordosoMoreira_Fastq/Mouse_Brain_10.5_2580.fastq.gz	NA	U
Mouse_Heart_11.5_2622	Mouse_UCSC.mm39_GencodeComprehensive46	CordosoMoreira_Fastq/Mouse_Heart_11.5_2622.fastq.gz	NA	U
Mouse_Heart_11.5_2938	Mouse_UCSC.mm39_GencodeComprehensive46	CordosoMoreira_Fastq/Mouse_Heart_11.5_2938.fastq.gz	NA	U
Mouse_Kidney_11.5_3360	Mouse_UCSC.mm39_GencodeComprehensive46	CordosoMoreira_Fastq/Mouse_Kidney_11.5_3360.fastq.gz	NA	U
Mouse_Kidney_11.5_3364	Mouse_UCSC.mm39_GencodeComprehensive46	CordosoMoreira_Fastq/Mouse_Kidney_11.5_3364.fastq.gz	NA	U
Mouse_Kidney_11.5_3366	Mouse_UCSC.mm39_GencodeComprehensive46	CordosoMoreira_Fastq/Mouse_Kidney_11.5_3366.fastq.gz	NA	U
Mouse_Liver_11.5_2623	Mouse_UCSC.mm39_GencodeComprehensive46	CordosoMoreira_Fastq/Mouse_Liver_11.5_2623.fastq.gz	NA	U
Mouse_Liver_11.5_2626	Mouse_UCSC.mm39_GencodeComprehensive46	CordosoMoreira_Fastq/Mouse_Liver_11.5_2626.fastq.gz	NA	U
Mouse_Ovary_11.5_3365	Mouse_UCSC.mm39_GencodeComprehensive46	CordosoMoreira_Fastq/Mouse_Ovary_11.5_3365.fastq.gz	NA	U
Mouse_Heart_12.5_5027	Mouse_UCSC.mm39_GencodeComprehensive46	CordosoMoreira_Fastq/Mouse_Heart_12.5_5027.fastq.gz	NA	U
Mouse_Liver_12.5_3037	Mouse_UCSC.mm39_GencodeComprehensive46	CordosoMoreira_Fastq/Mouse_Liver_12.5_3037.fastq.gz	NA	U
Mouse_Liver_12.5_3039	Mouse_UCSC.mm39_GencodeComprehensive46	CordosoMoreira_Fastq/Mouse_Liver_12.5_3039.fastq.gz	NA	U
Mouse_Liver_12.5_3042	Mouse_UCSC.mm39_GencodeComprehensive46	CordosoMoreira_Fastq/Mouse_Liver_12.5_3042.fastq.gz	NA	U
Mouse_Ovary_12.5_3287	Mouse_UCSC.mm39_GencodeComprehensive46	CordosoMoreira_Fastq/Mouse_Ovary_12.5_3287.fastq.gz	NA	U
Mouse_Brain_13.5_2821	Mouse_UCSC.mm39_GencodeComprehensive46	CordosoMoreira_Fastq/Mouse_Brain_13.5_2821.fastq.gz	NA	U
Mouse_Brain_13.5_2829	Mouse_UCSC.mm39_GencodeComprehensive46	CordosoMoreira_Fastq/Mouse_Brain_13.5_2829.fastq.gz	NA	U
Mouse_Cerebellum_13.5_2814	Mouse_UCSC.mm39_GencodeComprehensive46	CordosoMoreira_Fastq/Mouse_Cerebellum_13.5_2814.fastq.gz	NA	U
Mouse_Cerebellum_13.5_2838	Mouse_UCSC.mm39_GencodeComprehensive46	CordosoMoreira_Fastq/Mouse_Cerebellum_13.5_2838.fastq.gz	NA	U
Mouse_Kidney_13.5_2841	Mouse_UCSC.mm39_GencodeComprehensive46	CordosoMoreira_Fastq/Mouse_Kidney_13.5_2841.fastq.gz	NA	U
Mouse_Brain_14.5_2223	Mouse_UCSC.mm39_GencodeComprehensive46	CordosoMoreira_Fastq/Mouse_Brain_14.5_2223.fastq.gz	NA	U
Mouse_Brain_14.5_2227	Mouse_UCSC.mm39_GencodeComprehensive46	CordosoMoreira_Fastq/Mouse_Brain_14.5_2227.fastq.gz	NA	U
Mouse_Brain_14.5_2237	Mouse_UCSC.mm39_GencodeComprehensive46	CordosoMoreira_Fastq/Mouse_Brain_14.5_2237.fastq.gz	NA	U
Mouse_Brain_14.5_2243	Mouse_UCSC.mm39_GencodeComprehensive46	CordosoMoreira_Fastq/Mouse_Brain_14.5_2243.fastq.gz	NA	U
Mouse_Cerebellum_14.5_2228	Mouse_UCSC.mm39_GencodeComprehensive46	CordosoMoreira_Fastq/Mouse_Cerebellum_14.5_2228.fastq.gz	NA	U
Mouse_Cerebellum_14.5_2244	Mouse_UCSC.mm39_GencodeComprehensive46	CordosoMoreira_Fastq/Mouse_Cerebellum_14.5_2244.fastq.gz	NA	U
Mouse_Liver_14.5_2225	Mouse_UCSC.mm39_GencodeComprehensive46	CordosoMoreira_Fastq/Mouse_Liver_14.5_2225.fastq.gz	NA	U
Mouse_Ovary_14.5_2230	Mouse_UCSC.mm39_GencodeComprehensive46	CordosoMoreira_Fastq/Mouse_Ovary_14.5_2230.fastq.gz	NA	U
Mouse_Ovary_14.5_2246	Mouse_UCSC.mm39_GencodeComprehensive46	CordosoMoreira_Fastq/Mouse_Ovary_14.5_2246.fastq.gz	NA	U
Mouse_Testis_14.5_2226	Mouse_UCSC.mm39_GencodeComprehensive46	CordosoMoreira_Fastq/Mouse_Testis_14.5_2226.fastq.gz	NA	U
Mouse_Testis_14.5_2233	Mouse_UCSC.mm39_GencodeComprehensive46	CordosoMoreira_Fastq/Mouse_Testis_14.5_2233.fastq.gz	NA	U
Mouse_Brain_15.5_2185	Mouse_UCSC.mm39_GencodeComprehensive46	CordosoMoreira_Fastq/Mouse_Brain_15.5_2185.fastq.gz	NA	U
Mouse_Brain_15.5_2193	Mouse_UCSC.mm39_GencodeComprehensive46	CordosoMoreira_Fastq/Mouse_Brain_15.5_2193.fastq.gz	NA	U
Mouse_Heart_15.5_2506	Mouse_UCSC.mm39_GencodeComprehensive46	CordosoMoreira_Fastq/Mouse_Heart_15.5_2506.fastq.gz	NA	U
Mouse_Kidney_15.5_2507	Mouse_UCSC.mm39_GencodeComprehensive46	CordosoMoreira_Fastq/Mouse_Kidney_15.5_2507.fastq.gz	NA	U
Mouse_Kidney_15.5_2511	Mouse_UCSC.mm39_GencodeComprehensive46	CordosoMoreira_Fastq/Mouse_Kidney_15.5_2511.fastq.gz	NA	U
Mouse_Liver_15.5_2192	Mouse_UCSC.mm39_GencodeComprehensive46	CordosoMoreira_Fastq/Mouse_Liver_15.5_2192.fastq.gz	NA	U
Mouse_Testis_15.5_2187	Mouse_UCSC.mm39_GencodeComprehensive46	CordosoMoreira_Fastq/Mouse_Testis_15.5_2187.fastq.gz	NA	U
Mouse_Brain_16.5_2254	Mouse_UCSC.mm39_GencodeComprehensive46	CordosoMoreira_Fastq/Mouse_Brain_16.5_2254.fastq.gz	NA	U
Mouse_Brain_16.5_2273	Mouse_UCSC.mm39_GencodeComprehensive46	CordosoMoreira_Fastq/Mouse_Brain_16.5_2273.fastq.gz	NA	U
Mouse_Heart_16.5_2512	Mouse_UCSC.mm39_GencodeComprehensive46	CordosoMoreira_Fastq/Mouse_Heart_16.5_2512.fastq.gz	NA	U
Mouse_Heart_16.5_2585	Mouse_UCSC.mm39_GencodeComprehensive46	CordosoMoreira_Fastq/Mouse_Heart_16.5_2585.fastq.gz	NA	U
Mouse_Cerebellum_16.5_2255	Mouse_UCSC.mm39_GencodeComprehensive46	CordosoMoreira_Fastq/Mouse_Cerebellum_16.5_2255.fastq.gz	NA	U
Mouse_Cerebellum_16.5_2277	Mouse_UCSC.mm39_GencodeComprehensive46	CordosoMoreira_Fastq/Mouse_Cerebellum_16.5_2277.fastq.gz	NA	U
Mouse_Kidney_16.5_2515	Mouse_UCSC.mm39_GencodeComprehensive46	CordosoMoreira_Fastq/Mouse_Kidney_16.5_2515.fastq.gz	NA	U
Mouse_Kidney_16.5_2588	Mouse_UCSC.mm39_GencodeComprehensive46	CordosoMoreira_Fastq/Mouse_Kidney_16.5_2588.fastq.gz	NA	U
Mouse_Liver_16.5_2279	Mouse_UCSC.mm39_GencodeComprehensive46	CordosoMoreira_Fastq/Mouse_Liver_16.5_2279.fastq.gz	NA	U
Mouse_Ovary_16.5_2269	Mouse_UCSC.mm39_GencodeComprehensive46	CordosoMoreira_Fastq/Mouse_Ovary_16.5_2269.fastq.gz	NA	U
Mouse_Testis_16.5_2270	Mouse_UCSC.mm39_GencodeComprehensive46	CordosoMoreira_Fastq/Mouse_Testis_16.5_2270.fastq.gz	NA	U
Mouse_Brain_17.5_2160	Mouse_UCSC.mm39_GencodeComprehensive46	CordosoMoreira_Fastq/Mouse_Brain_17.5_2160.fastq.gz	NA	U
Mouse_Cerebellum_17.5_2161	Mouse_UCSC.mm39_GencodeComprehensive46	CordosoMoreira_Fastq/Mouse_Cerebellum_17.5_2161.fastq.gz	NA	U
Mouse_Cerebellum_17.5_2164	Mouse_UCSC.mm39_GencodeComprehensive46	CordosoMoreira_Fastq/Mouse_Cerebellum_17.5_2164.fastq.gz	NA	U
Mouse_Cerebellum_17.5_2166	Mouse_UCSC.mm39_GencodeComprehensive46	CordosoMoreira_Fastq/Mouse_Cerebellum_17.5_2166.fastq.gz	NA	U
Mouse_Kidney_17.5_2594	Mouse_UCSC.mm39_GencodeComprehensive46	CordosoMoreira_Fastq/Mouse_Kidney_17.5_2594.fastq.gz	NA	U
Mouse_Liver_17.5_2118	Mouse_UCSC.mm39_GencodeComprehensive46	CordosoMoreira_Fastq/Mouse_Liver_17.5_2118.fastq.gz	NA	U
Mouse_Liver_17.5_2222	Mouse_UCSC.mm39_GencodeComprehensive46	CordosoMoreira_Fastq/Mouse_Liver_17.5_2222.fastq.gz	NA	U
Mouse_Liver_17.5_2281	Mouse_UCSC.mm39_GencodeComprehensive46	CordosoMoreira_Fastq/Mouse_Liver_17.5_2281.fastq.gz	NA	U
Mouse_Ovary_17.5_2168	Mouse_UCSC.mm39_GencodeComprehensive46	CordosoMoreira_Fastq/Mouse_Ovary_17.5_2168.fastq.gz	NA	U
Mouse_Testis_17.5_2159	Mouse_UCSC.mm39_GencodeComprehensive46	CordosoMoreira_Fastq/Mouse_Testis_17.5_2159.fastq.gz	NA	U
Mouse_Testis_17.5_2162	Mouse_UCSC.mm39_GencodeComprehensive46	CordosoMoreira_Fastq/Mouse_Testis_17.5_2162.fastq.gz	NA	U
Mouse_Brain_18.5_2313	Mouse_UCSC.mm39_GencodeComprehensive46	CordosoMoreira_Fastq/Mouse_Brain_18.5_2313.fastq.gz	NA	U
Mouse_Heart_18.5_5028	Mouse_UCSC.mm39_GencodeComprehensive46	CordosoMoreira_Fastq/Mouse_Heart_18.5_5028.fastq.gz	NA	U
Mouse_Cerebellum_18.5_2308	Mouse_UCSC.mm39_GencodeComprehensive46	CordosoMoreira_Fastq/Mouse_Cerebellum_18.5_2308.fastq.gz	NA	U
Mouse_Kidney_18.5_2636	Mouse_UCSC.mm39_GencodeComprehensive46	CordosoMoreira_Fastq/Mouse_Kidney_18.5_2636.fastq.gz	NA	U
Mouse_Kidney_18.5_2638	Mouse_UCSC.mm39_GencodeComprehensive46	CordosoMoreira_Fastq/Mouse_Kidney_18.5_2638.fastq.gz	NA	U
Mouse_Kidney_18.5_2640	Mouse_UCSC.mm39_GencodeComprehensive46	CordosoMoreira_Fastq/Mouse_Kidney_18.5_2640.fastq.gz	NA	U
Mouse_Liver_18.5_2315	Mouse_UCSC.mm39_GencodeComprehensive46	CordosoMoreira_Fastq/Mouse_Liver_18.5_2315.fastq.gz	NA	U
Mouse_Liver_18.5_2325	Mouse_UCSC.mm39_GencodeComprehensive46	CordosoMoreira_Fastq/Mouse_Liver_18.5_2325.fastq.gz	NA	U
Mouse_Ovary_18.5_2316	Mouse_UCSC.mm39_GencodeComprehensive46	CordosoMoreira_Fastq/Mouse_Ovary_18.5_2316.fastq.gz	NA	U
Mouse_Brain_0dpb_1912	Mouse_UCSC.mm39_GencodeComprehensive46	CordosoMoreira_Fastq/Mouse_Brain_0dpb_1912.fastq.gz	NA	U
Mouse_Heart_0dpb_1908	Mouse_UCSC.mm39_GencodeComprehensive46	CordosoMoreira_Fastq/Mouse_Heart_0dpb_1908.fastq.gz	NA	U
Mouse_Kidney_0dpb_1909	Mouse_UCSC.mm39_GencodeComprehensive46	CordosoMoreira_Fastq/Mouse_Kidney_0dpb_1909.fastq.gz	NA	U
Mouse_Kidney_0dpb_1915	Mouse_UCSC.mm39_GencodeComprehensive46	CordosoMoreira_Fastq/Mouse_Kidney_0dpb_1915.fastq.gz	NA	U
Mouse_Ovary_0dpb_1745	Mouse_UCSC.mm39_GencodeComprehensive46	CordosoMoreira_Fastq/Mouse_Ovary_0dpb_1745.fastq.gz	NA	U
Mouse_Brain_2wpb_1876	Mouse_UCSC.mm39_GencodeComprehensive46	CordosoMoreira_Fastq/Mouse_Brain_2wpb_1876.fastq.gz	NA	U
Mouse_Brain_2wpb_1880	Mouse_UCSC.mm39_GencodeComprehensive46	CordosoMoreira_Fastq/Mouse_Brain_2wpb_1880.fastq.gz	NA	U
Mouse_Brain_2wpb_1884	Mouse_UCSC.mm39_GencodeComprehensive46	CordosoMoreira_Fastq/Mouse_Brain_2wpb_1884.fastq.gz	NA	U
Mouse_Heart_2wpb_2653	Mouse_UCSC.mm39_GencodeComprehensive46	CordosoMoreira_Fastq/Mouse_Heart_2wpb_2653.fastq.gz	NA	U
Mouse_Kidney_2wpb_2652	Mouse_UCSC.mm39_GencodeComprehensive46	CordosoMoreira_Fastq/Mouse_Kidney_2wpb_2652.fastq.gz	NA	U
Mouse_Kidney_2wpb_2654	Mouse_UCSC.mm39_GencodeComprehensive46	CordosoMoreira_Fastq/Mouse_Kidney_2wpb_2654.fastq.gz	NA	U
Mouse_Liver_2wpb_1878	Mouse_UCSC.mm39_GencodeComprehensive46	CordosoMoreira_Fastq/Mouse_Liver_2wpb_1878.fastq.gz	NA	U
Mouse_Testis_2wpb_1879	Mouse_UCSC.mm39_GencodeComprehensive46	CordosoMoreira_Fastq/Mouse_Testis_2wpb_1879.fastq.gz	NA	U
Mouse_Cerebellum_4wpb_1893	Mouse_UCSC.mm39_GencodeComprehensive46	CordosoMoreira_Fastq/Mouse_Cerebellum_4wpb_1893.fastq.gz	NA	U
Mouse_Cerebellum_4wpb_1897	Mouse_UCSC.mm39_GencodeComprehensive46	CordosoMoreira_Fastq/Mouse_Cerebellum_4wpb_1897.fastq.gz	NA	U
Mouse_Cerebellum_4wpb_1937	Mouse_UCSC.mm39_GencodeComprehensive46	CordosoMoreira_Fastq/Mouse_Cerebellum_4wpb_1937.fastq.gz	NA	U
Mouse_Cerebellum_4wpb_1941	Mouse_UCSC.mm39_GencodeComprehensive46	CordosoMoreira_Fastq/Mouse_Cerebellum_4wpb_1941.fastq.gz	NA	U
Mouse_Liver_4wpb_1894	Mouse_UCSC.mm39_GencodeComprehensive46	CordosoMoreira_Fastq/Mouse_Liver_4wpb_1894.fastq.gz	NA	U
Mouse_Testis_4wpb_1895	Mouse_UCSC.mm39_GencodeComprehensive46	CordosoMoreira_Fastq/Mouse_Testis_4wpb_1895.fastq.gz	NA	U
Mouse_Heart_3dpb_2641	Mouse_UCSC.mm39_GencodeComprehensive46	CordosoMoreira_Fastq/Mouse_Heart_3dpb_2641.fastq.gz	NA	U
Mouse_Cerebellum_3dpb_1925	Mouse_UCSC.mm39_GencodeComprehensive46	CordosoMoreira_Fastq/Mouse_Cerebellum_3dpb_1925.fastq.gz	NA	U
Mouse_Cerebellum_3dpb_1931	Mouse_UCSC.mm39_GencodeComprehensive46	CordosoMoreira_Fastq/Mouse_Cerebellum_3dpb_1931.fastq.gz	NA	U
Mouse_Kidney_3dpb_1933	Mouse_UCSC.mm39_GencodeComprehensive46	CordosoMoreira_Fastq/Mouse_Kidney_3dpb_1933.fastq.gz	NA	U
Mouse_Liver_3dpb_1922	Mouse_UCSC.mm39_GencodeComprehensive46	CordosoMoreira_Fastq/Mouse_Liver_3dpb_1922.fastq.gz	NA	U
Mouse_Liver_3dpb_1966	Mouse_UCSC.mm39_GencodeComprehensive46	CordosoMoreira_Fastq/Mouse_Liver_3dpb_1966.fastq.gz	NA	U
Mouse_Ovary_3dpb_1935	Mouse_UCSC.mm39_GencodeComprehensive46	CordosoMoreira_Fastq/Mouse_Ovary_3dpb_1935.fastq.gz	NA	U
Mouse_Testis_3dpb_1967	Mouse_UCSC.mm39_GencodeComprehensive46	CordosoMoreira_Fastq/Mouse_Testis_3dpb_1967.fastq.gz	NA	U
Mouse_Brain_9wpb_1960	Mouse_UCSC.mm39_GencodeComprehensive46	CordosoMoreira_Fastq/Mouse_Brain_9wpb_1960.fastq.gz	NA	U
Mouse_Kidney_9wpb_1951	Mouse_UCSC.mm39_GencodeComprehensive46	CordosoMoreira_Fastq/Mouse_Kidney_9wpb_1951.fastq.gz	NA	U
Mouse_Kidney_9wpb_2664	Mouse_UCSC.mm39_GencodeComprehensive46	CordosoMoreira_Fastq/Mouse_Kidney_9wpb_2664.fastq.gz	NA	U
Mouse_Kidney_9wpb_5360	Mouse_UCSC.mm39_GencodeComprehensive46	CordosoMoreira_Fastq/Mouse_Kidney_9wpb_5360.fastq.gz	NA	U
Mouse_Liver_9wpb_1962	Mouse_UCSC.mm39_GencodeComprehensive46	CordosoMoreira_Fastq/Mouse_Liver_9wpb_1962.fastq.gz	NA	U
Mouse_Ovary_9wpb_1963	Mouse_UCSC.mm39_GencodeComprehensive46	CordosoMoreira_Fastq/Mouse_Ovary_9wpb_1963.fastq.gz	NA	U
Rat_Heart_11_4323	Rat_UCSC.rn7_RefSeqv108	CordosoMoreira_Fastq/Rat_Heart_11_4323.fastq.gz	NA	U
Rat_Brain_11_4324	Rat_UCSC.rn7_RefSeqv108	CordosoMoreira_Fastq/Rat_Brain_11_4324.fastq.gz	NA	U
Rat_Heart_11_4325	Rat_UCSC.rn7_RefSeqv108	CordosoMoreira_Fastq/Rat_Heart_11_4325.fastq.gz	NA	U
Rat_Testis_12_4180	Rat_UCSC.rn7_RefSeqv108	CordosoMoreira_Fastq/Rat_Testis_12_4180.fastq.gz	NA	U
Rat_Heart_12_4194	Rat_UCSC.rn7_RefSeqv108	CordosoMoreira_Fastq/Rat_Heart_12_4194.fastq.gz	NA	U
Rat_Liver_12_4195	Rat_UCSC.rn7_RefSeqv108	CordosoMoreira_Fastq/Rat_Liver_12_4195.fastq.gz	NA	U
Rat_Heart_12_4196	Rat_UCSC.rn7_RefSeqv108	CordosoMoreira_Fastq/Rat_Heart_12_4196.fastq.gz	NA	U
Rat_Liver_12_4202	Rat_UCSC.rn7_RefSeqv108	CordosoMoreira_Fastq/Rat_Liver_12_4202.fastq.gz	NA	U
Rat_Heart_12_4259	Rat_UCSC.rn7_RefSeqv108	CordosoMoreira_Fastq/Rat_Heart_12_4259.fastq.gz	NA	U
Rat_Heart_13_3514	Rat_UCSC.rn7_RefSeqv108	CordosoMoreira_Fastq/Rat_Heart_13_3514.fastq.gz	NA	U
Rat_Liver_13_3515	Rat_UCSC.rn7_RefSeqv108	CordosoMoreira_Fastq/Rat_Liver_13_3515.fastq.gz	NA	U
Rat_Ovary_13_3516	Rat_UCSC.rn7_RefSeqv108	CordosoMoreira_Fastq/Rat_Ovary_13_3516.fastq.gz	NA	U
Rat_Liver_13_3522	Rat_UCSC.rn7_RefSeqv108	CordosoMoreira_Fastq/Rat_Liver_13_3522.fastq.gz	NA	U
Rat_Brain_13_3649	Rat_UCSC.rn7_RefSeqv108	CordosoMoreira_Fastq/Rat_Brain_13_3649.fastq.gz	NA	U
Rat_WholeBrain_14_3538	Rat_UCSC.rn7_RefSeqv108	CordosoMoreira_Fastq/Rat_WholeBrain_14_3538.fastq.gz	NA	U
Rat_Heart_14_3552	Rat_UCSC.rn7_RefSeqv108	CordosoMoreira_Fastq/Rat_Heart_14_3552.fastq.gz	NA	U
Rat_Testis_14_3554	Rat_UCSC.rn7_RefSeqv108	CordosoMoreira_Fastq/Rat_Testis_14_3554.fastq.gz	NA	U
Rat_Heart_14_3556	Rat_UCSC.rn7_RefSeqv108	CordosoMoreira_Fastq/Rat_Heart_14_3556.fastq.gz	NA	U
Rat_Brain_14_4092	Rat_UCSC.rn7_RefSeqv108	CordosoMoreira_Fastq/Rat_Brain_14_4092.fastq.gz	NA	U
Rat_Brain_14_4235	Rat_UCSC.rn7_RefSeqv108	CordosoMoreira_Fastq/Rat_Brain_14_4235.fastq.gz	NA	U
Rat_Testis_15_2395	Rat_UCSC.rn7_RefSeqv108	CordosoMoreira_Fastq/Rat_Testis_15_2395.fastq.gz	NA	U
Rat_Heart_15_3562	Rat_UCSC.rn7_RefSeqv108	CordosoMoreira_Fastq/Rat_Heart_15_3562.fastq.gz	NA	U
Rat_Heart_15_3570	Rat_UCSC.rn7_RefSeqv108	CordosoMoreira_Fastq/Rat_Heart_15_3570.fastq.gz	NA	U
Rat_Cerebellum_15_4033	Rat_UCSC.rn7_RefSeqv108	CordosoMoreira_Fastq/Rat_Cerebellum_15_4033.fastq.gz	NA	U
Rat_Kidney_15_4230	Rat_UCSC.rn7_RefSeqv108	CordosoMoreira_Fastq/Rat_Kidney_15_4230.fastq.gz	NA	U
Rat_Brain_15_4231	Rat_UCSC.rn7_RefSeqv108	CordosoMoreira_Fastq/Rat_Brain_15_4231.fastq.gz	NA	U
Rat_Heart_16_3595	Rat_UCSC.rn7_RefSeqv108	CordosoMoreira_Fastq/Rat_Heart_16_3595.fastq.gz	NA	U
Rat_Liver_16_3899	Rat_UCSC.rn7_RefSeqv108	CordosoMoreira_Fastq/Rat_Liver_16_3899.fastq.gz	NA	U
Rat_Brain_16_4094	Rat_UCSC.rn7_RefSeqv108	CordosoMoreira_Fastq/Rat_Brain_16_4094.fastq.gz	NA	U
Rat_Cerebellum_16_4095	Rat_UCSC.rn7_RefSeqv108	CordosoMoreira_Fastq/Rat_Cerebellum_16_4095.fastq.gz	NA	U
Rat_Cerebellum_16_4099	Rat_UCSC.rn7_RefSeqv108	CordosoMoreira_Fastq/Rat_Cerebellum_16_4099.fastq.gz	NA	U
Rat_Testis_17_2597	Rat_UCSC.rn7_RefSeqv108	CordosoMoreira_Fastq/Rat_Testis_17_2597.fastq.gz	NA	U
Rat_Brain_17_2600	Rat_UCSC.rn7_RefSeqv108	CordosoMoreira_Fastq/Rat_Brain_17_2600.fastq.gz	NA	U
Rat_Cerebellum_17_2601	Rat_UCSC.rn7_RefSeqv108	CordosoMoreira_Fastq/Rat_Cerebellum_17_2601.fastq.gz	NA	U
Rat_Ovary_17_2602	Rat_UCSC.rn7_RefSeqv108	CordosoMoreira_Fastq/Rat_Ovary_17_2602.fastq.gz	NA	U
Rat_Brain_17_2603	Rat_UCSC.rn7_RefSeqv108	CordosoMoreira_Fastq/Rat_Brain_17_2603.fastq.gz	NA	U
Rat_Cerebellum_17_2604	Rat_UCSC.rn7_RefSeqv108	CordosoMoreira_Fastq/Rat_Cerebellum_17_2604.fastq.gz	NA	U
Rat_Heart_17_2686	Rat_UCSC.rn7_RefSeqv108	CordosoMoreira_Fastq/Rat_Heart_17_2686.fastq.gz	NA	U
Rat_Brain_17_4251	Rat_UCSC.rn7_RefSeqv108	CordosoMoreira_Fastq/Rat_Brain_17_4251.fastq.gz	NA	U
Rat_Brain_17_4253	Rat_UCSC.rn7_RefSeqv108	CordosoMoreira_Fastq/Rat_Brain_17_4253.fastq.gz	NA	U
Rat_Kidney_17_5350	Rat_UCSC.rn7_RefSeqv108	CordosoMoreira_Fastq/Rat_Kidney_17_5350.fastq.gz	NA	U
Rat_Testis_18_1824	Rat_UCSC.rn7_RefSeqv108	CordosoMoreira_Fastq/Rat_Testis_18_1824.fastq.gz	NA	U
Rat_Liver_18_2520	Rat_UCSC.rn7_RefSeqv108	CordosoMoreira_Fastq/Rat_Liver_18_2520.fastq.gz	NA	U
Rat_Heart_18_2721	Rat_UCSC.rn7_RefSeqv108	CordosoMoreira_Fastq/Rat_Heart_18_2721.fastq.gz	NA	U
Rat_Heart_18_2723	Rat_UCSC.rn7_RefSeqv108	CordosoMoreira_Fastq/Rat_Heart_18_2723.fastq.gz	NA	U
Rat_Testis_18_2753	Rat_UCSC.rn7_RefSeqv108	CordosoMoreira_Fastq/Rat_Testis_18_2753.fastq.gz	NA	U
Rat_Brain_18_4249	Rat_UCSC.rn7_RefSeqv108	CordosoMoreira_Fastq/Rat_Brain_18_4249.fastq.gz	NA	U
Rat_Ovary_18_5352	Rat_UCSC.rn7_RefSeqv108	CordosoMoreira_Fastq/Rat_Ovary_18_5352.fastq.gz	NA	U
Rat_Heart_18_5576	Rat_UCSC.rn7_RefSeqv108	CordosoMoreira_Fastq/Rat_Heart_18_5576.fastq.gz	NA	U
Rat_Brain_18_5981	Rat_UCSC.rn7_RefSeqv108	CordosoMoreira_Fastq/Rat_Brain_18_5981.fastq.gz	NA	U
Rat_Cerebellum_19d_2401	Rat_UCSC.rn7_RefSeqv108	CordosoMoreira_Fastq/Rat_Cerebellum_19d_2401.fastq.gz	NA	U
Rat_Brain_19_2402	Rat_UCSC.rn7_RefSeqv108	CordosoMoreira_Fastq/Rat_Brain_19_2402.fastq.gz	NA	U
Rat_Cerebellum_19_2403	Rat_UCSC.rn7_RefSeqv108	CordosoMoreira_Fastq/Rat_Cerebellum_19_2403.fastq.gz	NA	U
Rat_Cerebellum_19d_2405	Rat_UCSC.rn7_RefSeqv108	CordosoMoreira_Fastq/Rat_Cerebellum_19d_2405.fastq.gz	NA	U
Rat_Cerebellum_19_2407	Rat_UCSC.rn7_RefSeqv108	CordosoMoreira_Fastq/Rat_Cerebellum_19_2407.fastq.gz	NA	U
Rat_Heart_19_2435	Rat_UCSC.rn7_RefSeqv108	CordosoMoreira_Fastq/Rat_Heart_19_2435.fastq.gz	NA	U
Rat_Heart_19_2440	Rat_UCSC.rn7_RefSeqv108	CordosoMoreira_Fastq/Rat_Heart_19_2440.fastq.gz	NA	U
Rat_Ovary_19_2712	Rat_UCSC.rn7_RefSeqv108	CordosoMoreira_Fastq/Rat_Ovary_19_2712.fastq.gz	NA	U
Rat_Heart_19_2715	Rat_UCSC.rn7_RefSeqv108	CordosoMoreira_Fastq/Rat_Heart_19_2715.fastq.gz	NA	U
Rat_Kidney_19_2716	Rat_UCSC.rn7_RefSeqv108	CordosoMoreira_Fastq/Rat_Kidney_19_2716.fastq.gz	NA	U
Rat_Liver_19_4036	Rat_UCSC.rn7_RefSeqv108	CordosoMoreira_Fastq/Rat_Liver_19_4036.fastq.gz	NA	U
Rat_Brain_20_2672	Rat_UCSC.rn7_RefSeqv108	CordosoMoreira_Fastq/Rat_Brain_20_2672.fastq.gz	NA	U
Rat_Cerebellum_20_2673	Rat_UCSC.rn7_RefSeqv108	CordosoMoreira_Fastq/Rat_Cerebellum_20_2673.fastq.gz	NA	U
Rat_Brain_20_2677	Rat_UCSC.rn7_RefSeqv108	CordosoMoreira_Fastq/Rat_Brain_20_2677.fastq.gz	NA	U
Rat_Liver_20_2693	Rat_UCSC.rn7_RefSeqv108	CordosoMoreira_Fastq/Rat_Liver_20_2693.fastq.gz	NA	U
Rat_Liver_20_2694	Rat_UCSC.rn7_RefSeqv108	CordosoMoreira_Fastq/Rat_Liver_20_2694.fastq.gz	NA	U
Rat_Kidney_20_2695	Rat_UCSC.rn7_RefSeqv108	CordosoMoreira_Fastq/Rat_Kidney_20_2695.fastq.gz	NA	U
Rat_Kidney_20_2697	Rat_UCSC.rn7_RefSeqv108	CordosoMoreira_Fastq/Rat_Kidney_20_2697.fastq.gz	NA	U
Rat_Liver_20_2701	Rat_UCSC.rn7_RefSeqv108	CordosoMoreira_Fastq/Rat_Liver_20_2701.fastq.gz	NA	U
Rat_Heart_20_2702	Rat_UCSC.rn7_RefSeqv108	CordosoMoreira_Fastq/Rat_Heart_20_2702.fastq.gz	NA	U
Rat_Liver_20_2703	Rat_UCSC.rn7_RefSeqv108	CordosoMoreira_Fastq/Rat_Liver_20_2703.fastq.gz	NA	U
Rat_Kidney_0dpb_1749	Rat_UCSC.rn7_RefSeqv108	CordosoMoreira_Fastq/Rat_Kidney_0dpb_1749.fastq.gz	NA	U
Rat_Brain_0dpb_2181	Rat_UCSC.rn7_RefSeqv108	CordosoMoreira_Fastq/Rat_Brain_0dpb_2181.fastq.gz	NA	U
Rat_Ovary_0dpb_2184	Rat_UCSC.rn7_RefSeqv108	CordosoMoreira_Fastq/Rat_Ovary_0dpb_2184.fastq.gz	NA	U
Rat_Cerebellum_0dpb_2293	Rat_UCSC.rn7_RefSeqv108	CordosoMoreira_Fastq/Rat_Cerebellum_0dpb_2293.fastq.gz	NA	U
Rat_Liver_0dpb_2558	Rat_UCSC.rn7_RefSeqv108	CordosoMoreira_Fastq/Rat_Liver_0dpb_2558.fastq.gz	NA	U
Rat_Liver_0dpb_2559	Rat_UCSC.rn7_RefSeqv108	CordosoMoreira_Fastq/Rat_Liver_0dpb_2559.fastq.gz	NA	U
Rat_Liver_0dpb_2560	Rat_UCSC.rn7_RefSeqv108	CordosoMoreira_Fastq/Rat_Liver_0dpb_2560.fastq.gz	NA	U
Rat_Kidney_0dpb_2709	Rat_UCSC.rn7_RefSeqv108	CordosoMoreira_Fastq/Rat_Kidney_0dpb_2709.fastq.gz	NA	U
Rat_Liver_0dpb_5051	Rat_UCSC.rn7_RefSeqv108	CordosoMoreira_Fastq/Rat_Liver_0dpb_5051.fastq.gz	NA	U
Rat_Brain_3dpb_4904	Rat_UCSC.rn7_RefSeqv108	CordosoMoreira_Fastq/Rat_Brain_3dpb_4904.fastq.gz	NA	U
Rat_Kidney_3dpb_4907	Rat_UCSC.rn7_RefSeqv108	CordosoMoreira_Fastq/Rat_Kidney_3dpb_4907.fastq.gz	NA	U
Rat_Liver_3dpb_4908	Rat_UCSC.rn7_RefSeqv108	CordosoMoreira_Fastq/Rat_Liver_3dpb_4908.fastq.gz	NA	U
Rat_Liver_3dpb_4961	Rat_UCSC.rn7_RefSeqv108	CordosoMoreira_Fastq/Rat_Liver_3dpb_4961.fastq.gz	NA	U
Rat_Brain_3dpb_4964	Rat_UCSC.rn7_RefSeqv108	CordosoMoreira_Fastq/Rat_Brain_3dpb_4964.fastq.gz	NA	U
Rat_Ovary_3dpb_4969	Rat_UCSC.rn7_RefSeqv108	CordosoMoreira_Fastq/Rat_Ovary_3dpb_4969.fastq.gz	NA	U
Rat_Brain_1wpb_2294	Rat_UCSC.rn7_RefSeqv108	CordosoMoreira_Fastq/Rat_Brain_1wpb_2294.fastq.gz	NA	U
Rat_Ovary_1wpb_2296	Rat_UCSC.rn7_RefSeqv108	CordosoMoreira_Fastq/Rat_Ovary_1wpb_2296.fastq.gz	NA	U
Rat_Cerebellum_1wpb_2303	Rat_UCSC.rn7_RefSeqv108	CordosoMoreira_Fastq/Rat_Cerebellum_1wpb_2303.fastq.gz	NA	U
Rat_Cerebellum_1wpb_2361	Rat_UCSC.rn7_RefSeqv108	CordosoMoreira_Fastq/Rat_Cerebellum_1wpb_2361.fastq.gz	NA	U
Rat_Testis_1wpb_2362	Rat_UCSC.rn7_RefSeqv108	CordosoMoreira_Fastq/Rat_Testis_1wpb_2362.fastq.gz	NA	U
Rat_Heart_1wpb_2734	Rat_UCSC.rn7_RefSeqv108	CordosoMoreira_Fastq/Rat_Heart_1wpb_2734.fastq.gz	NA	U
Rat_Cerebellum_2wpb_2343	Rat_UCSC.rn7_RefSeqv108	CordosoMoreira_Fastq/Rat_Cerebellum_2wpb_2343.fastq.gz	NA	U
Rat_Testis_2wpb_2344	Rat_UCSC.rn7_RefSeqv108	CordosoMoreira_Fastq/Rat_Testis_2wpb_2344.fastq.gz	NA	U
Rat_Liver_2wpb_2525	Rat_UCSC.rn7_RefSeqv108	CordosoMoreira_Fastq/Rat_Liver_2wpb_2525.fastq.gz	NA	U
Rat_Liver_2wpb_2526	Rat_UCSC.rn7_RefSeqv108	CordosoMoreira_Fastq/Rat_Liver_2wpb_2526.fastq.gz	NA	U
Rat_Liver_2wpb_2527	Rat_UCSC.rn7_RefSeqv108	CordosoMoreira_Fastq/Rat_Liver_2wpb_2527.fastq.gz	NA	U
Rat_Heart_2wpb_2728	Rat_UCSC.rn7_RefSeqv108	CordosoMoreira_Fastq/Rat_Heart_2wpb_2728.fastq.gz	NA	U
Rat_Heart_2wpb_2731	Rat_UCSC.rn7_RefSeqv108	CordosoMoreira_Fastq/Rat_Heart_2wpb_2731.fastq.gz	NA	U
Rat_Heart_2wpb_2760	Rat_UCSC.rn7_RefSeqv108	CordosoMoreira_Fastq/Rat_Heart_2wpb_2760.fastq.gz	NA	U
Rat_Cerebellum_6wpb_1972	Rat_UCSC.rn7_RefSeqv108	CordosoMoreira_Fastq/Rat_Cerebellum_6wpb_1972.fastq.gz	NA	U
Rat_Liver_6wpb_2287	Rat_UCSC.rn7_RefSeqv108	CordosoMoreira_Fastq/Rat_Liver_6wpb_2287.fastq.gz	NA	U
Rat_Heart_6wpb_2738	Rat_UCSC.rn7_RefSeqv108	CordosoMoreira_Fastq/Rat_Heart_6wpb_2738.fastq.gz	NA	U
Rat_Kidney_6wpb_2743	Rat_UCSC.rn7_RefSeqv108	CordosoMoreira_Fastq/Rat_Kidney_6wpb_2743.fastq.gz	NA	U
Rat_Brain_16wpb_2348	Rat_UCSC.rn7_RefSeqv108	CordosoMoreira_Fastq/Rat_Brain_16wpb_2348.fastq.gz	NA	U
Rat_Cerebellum_16wpb_2349	Rat_UCSC.rn7_RefSeqv108	CordosoMoreira_Fastq/Rat_Cerebellum_16wpb_2349.fastq.gz	NA	U
Rat_Ovary_16wpb_2350	Rat_UCSC.rn7_RefSeqv108	CordosoMoreira_Fastq/Rat_Ovary_16wpb_2350.fastq.gz	NA	U
Rat_Cerebellum_16wpb_2353	Rat_UCSC.rn7_RefSeqv108	CordosoMoreira_Fastq/Rat_Cerebellum_16wpb_2353.fastq.gz	NA	U
Rat_Cerebellum_16wpb_2357	Rat_UCSC.rn7_RefSeqv108	CordosoMoreira_Fastq/Rat_Cerebellum_16wpb_2357.fastq.gz	NA	U
Rat_Brain_16wpb_2367	Rat_UCSC.rn7_RefSeqv108	CordosoMoreira_Fastq/Rat_Brain_16wpb_2367.fastq.gz	NA	U
Rat_Testis_16wpb_2369	Rat_UCSC.rn7_RefSeqv108	CordosoMoreira_Fastq/Rat_Testis_16wpb_2369.fastq.gz	NA	U
Rat_Heart_16wpb_2746	Rat_UCSC.rn7_RefSeqv108	CordosoMoreira_Fastq/Rat_Heart_16wpb_2746.fastq.gz	NA	U
Rat_Kidney_16wpb_2748	Rat_UCSC.rn7_RefSeqv108	CordosoMoreira_Fastq/Rat_Kidney_16wpb_2748.fastq.gz	NA	U
Rat_Heart_16wpb_2749	Rat_UCSC.rn7_RefSeqv108	CordosoMoreira_Fastq/Rat_Heart_16wpb_2749.fastq.gz	NA	U
Rat_Kidney_16wpb_2750	Rat_UCSC.rn7_RefSeqv108	CordosoMoreira_Fastq/Rat_Kidney_16wpb_2750.fastq.gz	NA	U
Rat_Heart_16wpb_2853	Rat_UCSC.rn7_RefSeqv108	CordosoMoreira_Fastq/Rat_Heart_16wpb_2853.fastq.gz	NA	U
Rat_Heart_11_4327	Rat_UCSC.rn7_RefSeqv108	CordosoMoreira_Fastq/Rat_Heart_11_4327.fastq.gz	NA	U
Rat_Brain_11_4328	Rat_UCSC.rn7_RefSeqv108	CordosoMoreira_Fastq/Rat_Brain_11_4328.fastq.gz	NA	U
Rat_Heart_11_4329	Rat_UCSC.rn7_RefSeqv108	CordosoMoreira_Fastq/Rat_Heart_11_4329.fastq.gz	NA	U
Rat_Brain_12_4175	Rat_UCSC.rn7_RefSeqv108	CordosoMoreira_Fastq/Rat_Brain_12_4175.fastq.gz	NA	U
Rat_Testis_12_4176	Rat_UCSC.rn7_RefSeqv108	CordosoMoreira_Fastq/Rat_Testis_12_4176.fastq.gz	NA	U
Rat_Brain_12_4199	Rat_UCSC.rn7_RefSeqv108	CordosoMoreira_Fastq/Rat_Brain_12_4199.fastq.gz	NA	U
Rat_Testis_13_3523	Rat_UCSC.rn7_RefSeqv108	CordosoMoreira_Fastq/Rat_Testis_13_3523.fastq.gz	NA	U
Rat_Heart_13_3528	Rat_UCSC.rn7_RefSeqv108	CordosoMoreira_Fastq/Rat_Heart_13_3528.fastq.gz	NA	U
Rat_Ovary_13_3529	Rat_UCSC.rn7_RefSeqv108	CordosoMoreira_Fastq/Rat_Ovary_13_3529.fastq.gz	NA	U
Rat_Liver_13_3580	Rat_UCSC.rn7_RefSeqv108	CordosoMoreira_Fastq/Rat_Liver_13_3580.fastq.gz	NA	U
Rat_Heart_13_3650	Rat_UCSC.rn7_RefSeqv108	CordosoMoreira_Fastq/Rat_Heart_13_3650.fastq.gz	NA	U
Rat_WholeBrain_14_3547	Rat_UCSC.rn7_RefSeqv108	CordosoMoreira_Fastq/Rat_WholeBrain_14_3547.fastq.gz	NA	U
Rat_Heart_14_3548	Rat_UCSC.rn7_RefSeqv108	CordosoMoreira_Fastq/Rat_Heart_14_3548.fastq.gz	NA	U
Rat_Liver_14_3549	Rat_UCSC.rn7_RefSeqv108	CordosoMoreira_Fastq/Rat_Liver_14_3549.fastq.gz	NA	U
Rat_WholeBrain_14_3555	Rat_UCSC.rn7_RefSeqv108	CordosoMoreira_Fastq/Rat_WholeBrain_14_3555.fastq.gz	NA	U
Rat_Brain_14_4003	Rat_UCSC.rn7_RefSeqv108	CordosoMoreira_Fastq/Rat_Brain_14_4003.fastq.gz	NA	U
Rat_Cerebellum_14_4004	Rat_UCSC.rn7_RefSeqv108	CordosoMoreira_Fastq/Rat_Cerebellum_14_4004.fastq.gz	NA	U
Rat_Cerebellum_14_4093	Rat_UCSC.rn7_RefSeqv108	CordosoMoreira_Fastq/Rat_Cerebellum_14_4093.fastq.gz	NA	U
Rat_Liver_15_2492	Rat_UCSC.rn7_RefSeqv108	CordosoMoreira_Fastq/Rat_Liver_15_2492.fastq.gz	NA	U
Rat_WholeBrain_15_3559	Rat_UCSC.rn7_RefSeqv108	CordosoMoreira_Fastq/Rat_WholeBrain_15_3559.fastq.gz	NA	U
Rat_Heart_15_3560	Rat_UCSC.rn7_RefSeqv108	CordosoMoreira_Fastq/Rat_Heart_15_3560.fastq.gz	NA	U
Rat_WholeBrain_15_3561	Rat_UCSC.rn7_RefSeqv108	CordosoMoreira_Fastq/Rat_WholeBrain_15_3561.fastq.gz	NA	U
Rat_WholeBrain_15_3564	Rat_UCSC.rn7_RefSeqv108	CordosoMoreira_Fastq/Rat_WholeBrain_15_3564.fastq.gz	NA	U
Rat_Heart_15_3565	Rat_UCSC.rn7_RefSeqv108	CordosoMoreira_Fastq/Rat_Heart_15_3565.fastq.gz	NA	U
Rat_Testis_15_3566	Rat_UCSC.rn7_RefSeqv108	CordosoMoreira_Fastq/Rat_Testis_15_3566.fastq.gz	NA	U
Rat_Kidney_15_4009	Rat_UCSC.rn7_RefSeqv108	CordosoMoreira_Fastq/Rat_Kidney_15_4009.fastq.gz	NA	U
Rat_Brain_15_4032	Rat_UCSC.rn7_RefSeqv108	CordosoMoreira_Fastq/Rat_Brain_15_4032.fastq.gz	NA	U
Rat_Cerebellum_15_4232	Rat_UCSC.rn7_RefSeqv108	CordosoMoreira_Fastq/Rat_Cerebellum_15_4232.fastq.gz	NA	U
Rat_Testis_16_1816	Rat_UCSC.rn7_RefSeqv108	CordosoMoreira_Fastq/Rat_Testis_16_1816.fastq.gz	NA	U
Rat_Ovary_16_2396	Rat_UCSC.rn7_RefSeqv108	CordosoMoreira_Fastq/Rat_Ovary_16_2396.fastq.gz	NA	U
Rat_Liver_16_2554	Rat_UCSC.rn7_RefSeqv108	CordosoMoreira_Fastq/Rat_Liver_16_2554.fastq.gz	NA	U
Rat_Heart_16_3600	Rat_UCSC.rn7_RefSeqv108	CordosoMoreira_Fastq/Rat_Heart_16_3600.fastq.gz	NA	U
Rat_Kidney_16_3601	Rat_UCSC.rn7_RefSeqv108	CordosoMoreira_Fastq/Rat_Kidney_16_3601.fastq.gz	NA	U
Rat_WholeBrain_16_3603	Rat_UCSC.rn7_RefSeqv108	CordosoMoreira_Fastq/Rat_WholeBrain_16_3603.fastq.gz	NA	U
Rat_WholeBrain_16_3606	Rat_UCSC.rn7_RefSeqv108	CordosoMoreira_Fastq/Rat_WholeBrain_16_3606.fastq.gz	NA	U
Rat_Brain_16_4100	Rat_UCSC.rn7_RefSeqv108	CordosoMoreira_Fastq/Rat_Brain_16_4100.fastq.gz	NA	U
Rat_Cerebellum_16_4101	Rat_UCSC.rn7_RefSeqv108	CordosoMoreira_Fastq/Rat_Cerebellum_16_4101.fastq.gz	NA	U
Rat_Kidney_16_5349	Rat_UCSC.rn7_RefSeqv108	CordosoMoreira_Fastq/Rat_Kidney_16_5349.fastq.gz	NA	U
Rat_Testis_17_1820	Rat_UCSC.rn7_RefSeqv108	CordosoMoreira_Fastq/Rat_Testis_17_1820.fastq.gz	NA	U
Rat_Liver_17_2371	Rat_UCSC.rn7_RefSeqv108	CordosoMoreira_Fastq/Rat_Liver_17_2371.fastq.gz	NA	U
Rat_Liver_17_2516	Rat_UCSC.rn7_RefSeqv108	CordosoMoreira_Fastq/Rat_Liver_17_2516.fastq.gz	NA	U
Rat_Cerebellum_17_2599	Rat_UCSC.rn7_RefSeqv108	CordosoMoreira_Fastq/Rat_Cerebellum_17_2599.fastq.gz	NA	U
Rat_Cerebellum_17_2606	Rat_UCSC.rn7_RefSeqv108	CordosoMoreira_Fastq/Rat_Cerebellum_17_2606.fastq.gz	NA	U
Rat_Ovary_17_2607	Rat_UCSC.rn7_RefSeqv108	CordosoMoreira_Fastq/Rat_Ovary_17_2607.fastq.gz	NA	U
Rat_Kidney_17_3901	Rat_UCSC.rn7_RefSeqv108	CordosoMoreira_Fastq/Rat_Kidney_17_3901.fastq.gz	NA	U
Rat_Cerebellum_17_4252	Rat_UCSC.rn7_RefSeqv108	CordosoMoreira_Fastq/Rat_Cerebellum_17_4252.fastq.gz	NA	U
Rat_Cerebellum_17_4254	Rat_UCSC.rn7_RefSeqv108	CordosoMoreira_Fastq/Rat_Cerebellum_17_4254.fastq.gz	NA	U
Rat_Liver_18_2389	Rat_UCSC.rn7_RefSeqv108	CordosoMoreira_Fastq/Rat_Liver_18_2389.fastq.gz	NA	U
Rat_Liver_18_2390	Rat_UCSC.rn7_RefSeqv108	CordosoMoreira_Fastq/Rat_Liver_18_2390.fastq.gz	NA	U
Rat_Liver_18_2519	Rat_UCSC.rn7_RefSeqv108	CordosoMoreira_Fastq/Rat_Liver_18_2519.fastq.gz	NA	U
Rat_Heart_18_2762	Rat_UCSC.rn7_RefSeqv108	CordosoMoreira_Fastq/Rat_Heart_18_2762.fastq.gz	NA	U
Rat_Cerebellum_18_4226	Rat_UCSC.rn7_RefSeqv108	CordosoMoreira_Fastq/Rat_Cerebellum_18_4226.fastq.gz	NA	U
Rat_Brain_18_4227	Rat_UCSC.rn7_RefSeqv108	CordosoMoreira_Fastq/Rat_Brain_18_4227.fastq.gz	NA	U
Rat_Cerebellum_18_4261	Rat_UCSC.rn7_RefSeqv108	CordosoMoreira_Fastq/Rat_Cerebellum_18_4261.fastq.gz	NA	U
Rat_Heart_18_5577	Rat_UCSC.rn7_RefSeqv108	CordosoMoreira_Fastq/Rat_Heart_18_5577.fastq.gz	NA	U
Rat_Brain_11_4322	Rat_UCSC.rn7_RefSeqv108	CordosoMoreira_Fastq/Rat_Brain_11_4322.fastq.gz	NA	U
Rat_Testis_19d_2426	Rat_UCSC.rn7_RefSeqv108	CordosoMoreira_Fastq/Rat_Testis_19d_2426.fastq.gz	NA	U
Rat_Testis_19_2714	Rat_UCSC.rn7_RefSeqv108	CordosoMoreira_Fastq/Rat_Testis_19_2714.fastq.gz	NA	U
Rat_Kidney_19_2858	Rat_UCSC.rn7_RefSeqv108	CordosoMoreira_Fastq/Rat_Kidney_19_2858.fastq.gz	NA	U
Rat_Brain_11_4326	Rat_UCSC.rn7_RefSeqv108	CordosoMoreira_Fastq/Rat_Brain_11_4326.fastq.gz	NA	U
Rat_Ovary_19_4034	Rat_UCSC.rn7_RefSeqv108	CordosoMoreira_Fastq/Rat_Ovary_19_4034.fastq.gz	NA	U
Rat_Brain_12_4179	Rat_UCSC.rn7_RefSeqv108	CordosoMoreira_Fastq/Rat_Brain_12_4179.fastq.gz	NA	U
Rat_Liver_19_4035	Rat_UCSC.rn7_RefSeqv108	CordosoMoreira_Fastq/Rat_Liver_19_4035.fastq.gz	NA	U
Rat_Liver_12_4193	Rat_UCSC.rn7_RefSeqv108	CordosoMoreira_Fastq/Rat_Liver_12_4193.fastq.gz	NA	U
Rat_Liver_19_4037	Rat_UCSC.rn7_RefSeqv108	CordosoMoreira_Fastq/Rat_Liver_19_4037.fastq.gz	NA	U
Rat_Ovary_12_4200	Rat_UCSC.rn7_RefSeqv108	CordosoMoreira_Fastq/Rat_Ovary_12_4200.fastq.gz	NA	U
Rat_Liver_19_4038	Rat_UCSC.rn7_RefSeqv108	CordosoMoreira_Fastq/Rat_Liver_19_4038.fastq.gz	NA	U
Rat_Heart_12_4201	Rat_UCSC.rn7_RefSeqv108	CordosoMoreira_Fastq/Rat_Heart_12_4201.fastq.gz	NA	U
Rat_Ovary_20_2679	Rat_UCSC.rn7_RefSeqv108	CordosoMoreira_Fastq/Rat_Ovary_20_2679.fastq.gz	NA	U
Rat_Brain_12_4205	Rat_UCSC.rn7_RefSeqv108	CordosoMoreira_Fastq/Rat_Brain_12_4205.fastq.gz	NA	U
Rat_Testis_20_2680	Rat_UCSC.rn7_RefSeqv108	CordosoMoreira_Fastq/Rat_Testis_20_2680.fastq.gz	NA	U
Rat_Ovary_12_4206	Rat_UCSC.rn7_RefSeqv108	CordosoMoreira_Fastq/Rat_Ovary_12_4206.fastq.gz	NA	U
Rat_Liver_12_4260	Rat_UCSC.rn7_RefSeqv108	CordosoMoreira_Fastq/Rat_Liver_12_4260.fastq.gz	NA	U
Rat_Heart_20_2683	Rat_UCSC.rn7_RefSeqv108	CordosoMoreira_Fastq/Rat_Heart_20_2683.fastq.gz	NA	U
Rat_Brain_13_3513	Rat_UCSC.rn7_RefSeqv108	CordosoMoreira_Fastq/Rat_Brain_13_3513.fastq.gz	NA	U
Rat_Brain_20_2690	Rat_UCSC.rn7_RefSeqv108	CordosoMoreira_Fastq/Rat_Brain_20_2690.fastq.gz	NA	U
Rat_Brain_13_3520	Rat_UCSC.rn7_RefSeqv108	CordosoMoreira_Fastq/Rat_Brain_13_3520.fastq.gz	NA	U
Rat_Cerebellum_20_2692	Rat_UCSC.rn7_RefSeqv108	CordosoMoreira_Fastq/Rat_Cerebellum_20_2692.fastq.gz	NA	U
Rat_Heart_13_3521	Rat_UCSC.rn7_RefSeqv108	CordosoMoreira_Fastq/Rat_Heart_13_3521.fastq.gz	NA	U
Rat_Kidney_20_2696	Rat_UCSC.rn7_RefSeqv108	CordosoMoreira_Fastq/Rat_Kidney_20_2696.fastq.gz	NA	U
Rat_Heart_20_2698	Rat_UCSC.rn7_RefSeqv108	CordosoMoreira_Fastq/Rat_Heart_20_2698.fastq.gz	NA	U
Rat_Ovary_20_2699	Rat_UCSC.rn7_RefSeqv108	CordosoMoreira_Fastq/Rat_Ovary_20_2699.fastq.gz	NA	U
Rat_Brain_13_3545	Rat_UCSC.rn7_RefSeqv108	CordosoMoreira_Fastq/Rat_Brain_13_3545.fastq.gz	NA	U
Rat_Cerebellum_20_2700	Rat_UCSC.rn7_RefSeqv108	CordosoMoreira_Fastq/Rat_Cerebellum_20_2700.fastq.gz	NA	U
Rat_Testis_20_2704	Rat_UCSC.rn7_RefSeqv108	CordosoMoreira_Fastq/Rat_Testis_20_2704.fastq.gz	NA	U
Rat_Liver_13_3546	Rat_UCSC.rn7_RefSeqv108	CordosoMoreira_Fastq/Rat_Liver_13_3546.fastq.gz	NA	U
Rat_Testis_13_3581	Rat_UCSC.rn7_RefSeqv108	CordosoMoreira_Fastq/Rat_Testis_13_3581.fastq.gz	NA	U
Rat_Brain_0dpb_1746	Rat_UCSC.rn7_RefSeqv108	CordosoMoreira_Fastq/Rat_Brain_0dpb_1746.fastq.gz	NA	U
Rat_Heart_14_3539	Rat_UCSC.rn7_RefSeqv108	CordosoMoreira_Fastq/Rat_Heart_14_3539.fastq.gz	NA	U
Rat_Cerebellum_0dpb_1747	Rat_UCSC.rn7_RefSeqv108	CordosoMoreira_Fastq/Rat_Cerebellum_0dpb_1747.fastq.gz	NA	U
Rat_Liver_14_3540	Rat_UCSC.rn7_RefSeqv108	CordosoMoreira_Fastq/Rat_Liver_14_3540.fastq.gz	NA	U
Rat_Testis_0dpb_1750	Rat_UCSC.rn7_RefSeqv108	CordosoMoreira_Fastq/Rat_Testis_0dpb_1750.fastq.gz	NA	U
Rat_Ovary_14_3541	Rat_UCSC.rn7_RefSeqv108	CordosoMoreira_Fastq/Rat_Ovary_14_3541.fastq.gz	NA	U
Rat_Ovary_14_3550	Rat_UCSC.rn7_RefSeqv108	CordosoMoreira_Fastq/Rat_Ovary_14_3550.fastq.gz	NA	U
Rat_Cerebellum_0dpb_2182	Rat_UCSC.rn7_RefSeqv108	CordosoMoreira_Fastq/Rat_Cerebellum_0dpb_2182.fastq.gz	NA	U
Rat_Ovary_0dpb_2183	Rat_UCSC.rn7_RefSeqv108	CordosoMoreira_Fastq/Rat_Ovary_0dpb_2183.fastq.gz	NA	U
Rat_Cerebellum_0dpb_2289	Rat_UCSC.rn7_RefSeqv108	CordosoMoreira_Fastq/Rat_Cerebellum_0dpb_2289.fastq.gz	NA	U
Rat_Testis_0dpb_2291	Rat_UCSC.rn7_RefSeqv108	CordosoMoreira_Fastq/Rat_Testis_0dpb_2291.fastq.gz	NA	U
Rat_Brain_0dpb_2292	Rat_UCSC.rn7_RefSeqv108	CordosoMoreira_Fastq/Rat_Brain_0dpb_2292.fastq.gz	NA	U
Rat_Heart_0dpb_2706	Rat_UCSC.rn7_RefSeqv108	CordosoMoreira_Fastq/Rat_Heart_0dpb_2706.fastq.gz	NA	U
Rat_Kidney_0dpb_2707	Rat_UCSC.rn7_RefSeqv108	CordosoMoreira_Fastq/Rat_Kidney_0dpb_2707.fastq.gz	NA	U
Rat_WholeBrain_14_3551	Rat_UCSC.rn7_RefSeqv108	CordosoMoreira_Fastq/Rat_WholeBrain_14_3551.fastq.gz	NA	U
Rat_Heart_0dpb_2708	Rat_UCSC.rn7_RefSeqv108	CordosoMoreira_Fastq/Rat_Heart_0dpb_2708.fastq.gz	NA	U
Rat_Liver_14_3553	Rat_UCSC.rn7_RefSeqv108	CordosoMoreira_Fastq/Rat_Liver_14_3553.fastq.gz	NA	U
Rat_Cerebellum_3dpb_4899	Rat_UCSC.rn7_RefSeqv108	CordosoMoreira_Fastq/Rat_Cerebellum_3dpb_4899.fastq.gz	NA	U
Rat_Liver_14_3557	Rat_UCSC.rn7_RefSeqv108	CordosoMoreira_Fastq/Rat_Liver_14_3557.fastq.gz	NA	U
Rat_Heart_3dpb_4900	Rat_UCSC.rn7_RefSeqv108	CordosoMoreira_Fastq/Rat_Heart_3dpb_4900.fastq.gz	NA	U
Rat_Testis_14_3558	Rat_UCSC.rn7_RefSeqv108	CordosoMoreira_Fastq/Rat_Testis_14_3558.fastq.gz	NA	U
Rat_Ovary_3dpb_4903	Rat_UCSC.rn7_RefSeqv108	CordosoMoreira_Fastq/Rat_Ovary_3dpb_4903.fastq.gz	NA	U
Rat_Cerebellum_3dpb_4905	Rat_UCSC.rn7_RefSeqv108	CordosoMoreira_Fastq/Rat_Cerebellum_3dpb_4905.fastq.gz	NA	U
Rat_Heart_3dpb_4906	Rat_UCSC.rn7_RefSeqv108	CordosoMoreira_Fastq/Rat_Heart_3dpb_4906.fastq.gz	NA	U
Rat_Testis_3dpb_4909	Rat_UCSC.rn7_RefSeqv108	CordosoMoreira_Fastq/Rat_Testis_3dpb_4909.fastq.gz	NA	U
Rat_Kidney_3dpb_4962	Rat_UCSC.rn7_RefSeqv108	CordosoMoreira_Fastq/Rat_Kidney_3dpb_4962.fastq.gz	NA	U
Rat_Cerebellum_14_4007	Rat_UCSC.rn7_RefSeqv108	CordosoMoreira_Fastq/Rat_Cerebellum_14_4007.fastq.gz	NA	U
Rat_Cerebellum_14_4250	Rat_UCSC.rn7_RefSeqv108	CordosoMoreira_Fastq/Rat_Cerebellum_14_4250.fastq.gz	NA	U
Rat_Liver_15_2493	Rat_UCSC.rn7_RefSeqv108	CordosoMoreira_Fastq/Rat_Liver_15_2493.fastq.gz	NA	U
Rat_Liver_15_2550	Rat_UCSC.rn7_RefSeqv108	CordosoMoreira_Fastq/Rat_Liver_15_2550.fastq.gz	NA	U
Rat_Liver_15_2551	Rat_UCSC.rn7_RefSeqv108	CordosoMoreira_Fastq/Rat_Liver_15_2551.fastq.gz	NA	U
Rat_WholeBrain_15_3569	Rat_UCSC.rn7_RefSeqv108	CordosoMoreira_Fastq/Rat_WholeBrain_15_3569.fastq.gz	NA	U
Rat_Ovary_15_3591	Rat_UCSC.rn7_RefSeqv108	CordosoMoreira_Fastq/Rat_Ovary_15_3591.fastq.gz	NA	U
Rat_Kidney_15_4008	Rat_UCSC.rn7_RefSeqv108	CordosoMoreira_Fastq/Rat_Kidney_15_4008.fastq.gz	NA	U
Rat_Brain_15_4010	Rat_UCSC.rn7_RefSeqv108	CordosoMoreira_Fastq/Rat_Brain_15_4010.fastq.gz	NA	U
Rat_Cerebellum_15_4011	Rat_UCSC.rn7_RefSeqv108	CordosoMoreira_Fastq/Rat_Cerebellum_15_4011.fastq.gz	NA	U
Rat_Brain_15_4228	Rat_UCSC.rn7_RefSeqv108	CordosoMoreira_Fastq/Rat_Brain_15_4228.fastq.gz	NA	U
Rat_Cerebellum_15_4229	Rat_UCSC.rn7_RefSeqv108	CordosoMoreira_Fastq/Rat_Cerebellum_15_4229.fastq.gz	NA	U
Rat_Kidney_15_4233	Rat_UCSC.rn7_RefSeqv108	CordosoMoreira_Fastq/Rat_Kidney_15_4233.fastq.gz	NA	U
Rat_Liver_16_2553	Rat_UCSC.rn7_RefSeqv108	CordosoMoreira_Fastq/Rat_Liver_16_2553.fastq.gz	NA	U
Rat_Liver_16_2555	Rat_UCSC.rn7_RefSeqv108	CordosoMoreira_Fastq/Rat_Liver_16_2555.fastq.gz	NA	U
Rat_WholeBrain_16_3594	Rat_UCSC.rn7_RefSeqv108	CordosoMoreira_Fastq/Rat_WholeBrain_16_3594.fastq.gz	NA	U
Rat_Liver_3dpb_4967	Rat_UCSC.rn7_RefSeqv108	CordosoMoreira_Fastq/Rat_Liver_3dpb_4967.fastq.gz	NA	U
Rat_Ovary_1wpb_2300	Rat_UCSC.rn7_RefSeqv108	CordosoMoreira_Fastq/Rat_Ovary_1wpb_2300.fastq.gz	NA	U
Rat_Brain_1wpb_2302	Rat_UCSC.rn7_RefSeqv108	CordosoMoreira_Fastq/Rat_Brain_1wpb_2302.fastq.gz	NA	U
Rat_Brain_1wpb_2360	Rat_UCSC.rn7_RefSeqv108	CordosoMoreira_Fastq/Rat_Brain_1wpb_2360.fastq.gz	NA	U
Rat_WholeBrain_16_3598	Rat_UCSC.rn7_RefSeqv108	CordosoMoreira_Fastq/Rat_WholeBrain_16_3598.fastq.gz	NA	U
Rat_Testis_16_3602	Rat_UCSC.rn7_RefSeqv108	CordosoMoreira_Fastq/Rat_Testis_16_3602.fastq.gz	NA	U
Rat_Heart_16_3604	Rat_UCSC.rn7_RefSeqv108	CordosoMoreira_Fastq/Rat_Heart_16_3604.fastq.gz	NA	U
Rat_Kidney_16_3605	Rat_UCSC.rn7_RefSeqv108	CordosoMoreira_Fastq/Rat_Kidney_16_3605.fastq.gz	NA	U
Rat_Liver_1wpb_2521	Rat_UCSC.rn7_RefSeqv108	CordosoMoreira_Fastq/Rat_Liver_1wpb_2521.fastq.gz	NA	U
Rat_Heart_16_3607	Rat_UCSC.rn7_RefSeqv108	CordosoMoreira_Fastq/Rat_Heart_16_3607.fastq.gz	NA	U
Rat_Liver_1wpb_2522	Rat_UCSC.rn7_RefSeqv108	CordosoMoreira_Fastq/Rat_Liver_1wpb_2522.fastq.gz	NA	U
Rat_Ovary_2wpb_2338	Rat_UCSC.rn7_RefSeqv108	CordosoMoreira_Fastq/Rat_Ovary_2wpb_2338.fastq.gz	NA	U
Rat_Brain_2wpb_2339	Rat_UCSC.rn7_RefSeqv108	CordosoMoreira_Fastq/Rat_Brain_2wpb_2339.fastq.gz	NA	U
Rat_Brain_2wpb_2342	Rat_UCSC.rn7_RefSeqv108	CordosoMoreira_Fastq/Rat_Brain_2wpb_2342.fastq.gz	NA	U
Rat_Brain_2wpb_2345	Rat_UCSC.rn7_RefSeqv108	CordosoMoreira_Fastq/Rat_Brain_2wpb_2345.fastq.gz	NA	U
Rat_Kidney_16_3645	Rat_UCSC.rn7_RefSeqv108	CordosoMoreira_Fastq/Rat_Kidney_16_3645.fastq.gz	NA	U
Rat_Cerebellum_2wpb_2346	Rat_UCSC.rn7_RefSeqv108	CordosoMoreira_Fastq/Rat_Cerebellum_2wpb_2346.fastq.gz	NA	U
Rat_Heart_2wpb_2727	Rat_UCSC.rn7_RefSeqv108	CordosoMoreira_Fastq/Rat_Heart_2wpb_2727.fastq.gz	NA	U
Rat_Kidney_2wpb_2730	Rat_UCSC.rn7_RefSeqv108	CordosoMoreira_Fastq/Rat_Kidney_2wpb_2730.fastq.gz	NA	U
Rat_Ovary_16_3646	Rat_UCSC.rn7_RefSeqv108	CordosoMoreira_Fastq/Rat_Ovary_16_3646.fastq.gz	NA	U
Rat_Kidney_2wpb_2756	Rat_UCSC.rn7_RefSeqv108	CordosoMoreira_Fastq/Rat_Kidney_2wpb_2756.fastq.gz	NA	U
Rat_Brain_16_4096	Rat_UCSC.rn7_RefSeqv108	CordosoMoreira_Fastq/Rat_Brain_16_4096.fastq.gz	NA	U
Rat_Brain_6wpb_1875	Rat_UCSC.rn7_RefSeqv108	CordosoMoreira_Fastq/Rat_Brain_6wpb_1875.fastq.gz	NA	U
Rat_Cerebellum_16_4097	Rat_UCSC.rn7_RefSeqv108	CordosoMoreira_Fastq/Rat_Cerebellum_16_4097.fastq.gz	NA	U
Rat_Cerebellum_6wpb_1968	Rat_UCSC.rn7_RefSeqv108	CordosoMoreira_Fastq/Rat_Cerebellum_6wpb_1968.fastq.gz	NA	U
Rat_Brain_16_4098	Rat_UCSC.rn7_RefSeqv108	CordosoMoreira_Fastq/Rat_Brain_16_4098.fastq.gz	NA	U
Rat_Liver_6wpb_1973	Rat_UCSC.rn7_RefSeqv108	CordosoMoreira_Fastq/Rat_Liver_6wpb_1973.fastq.gz	NA	U
Rat_Liver_17_2517	Rat_UCSC.rn7_RefSeqv108	CordosoMoreira_Fastq/Rat_Liver_17_2517.fastq.gz	NA	U
Rat_Testis_6wpb_1974	Rat_UCSC.rn7_RefSeqv108	CordosoMoreira_Fastq/Rat_Testis_6wpb_1974.fastq.gz	NA	U
Rat_Liver_17_2518	Rat_UCSC.rn7_RefSeqv108	CordosoMoreira_Fastq/Rat_Liver_17_2518.fastq.gz	NA	U
Rat_Ovary_6wpb_2286	Rat_UCSC.rn7_RefSeqv108	CordosoMoreira_Fastq/Rat_Ovary_6wpb_2286.fastq.gz	NA	U
Rat_Brain_17_2598	Rat_UCSC.rn7_RefSeqv108	CordosoMoreira_Fastq/Rat_Brain_17_2598.fastq.gz	NA	U
Rat_Cerebellum_6wpb_2364	Rat_UCSC.rn7_RefSeqv108	CordosoMoreira_Fastq/Rat_Cerebellum_6wpb_2364.fastq.gz	NA	U
Rat_Brain_17_2605	Rat_UCSC.rn7_RefSeqv108	CordosoMoreira_Fastq/Rat_Brain_17_2605.fastq.gz	NA	U
Rat_Ovary_6wpb_2365	Rat_UCSC.rn7_RefSeqv108	CordosoMoreira_Fastq/Rat_Ovary_6wpb_2365.fastq.gz	NA	U
Rat_Heart_17_2685	Rat_UCSC.rn7_RefSeqv108	CordosoMoreira_Fastq/Rat_Heart_17_2685.fastq.gz	NA	U
Rat_Liver_6wpb_2366	Rat_UCSC.rn7_RefSeqv108	CordosoMoreira_Fastq/Rat_Liver_6wpb_2366.fastq.gz	NA	U
Rat_Kidney_17_2687	Rat_UCSC.rn7_RefSeqv108	CordosoMoreira_Fastq/Rat_Kidney_17_2687.fastq.gz	NA	U
Rat_Heart_6wpb_2742	Rat_UCSC.rn7_RefSeqv108	CordosoMoreira_Fastq/Rat_Heart_6wpb_2742.fastq.gz	NA	U
Rat_Heart_17_3900	Rat_UCSC.rn7_RefSeqv108	CordosoMoreira_Fastq/Rat_Heart_17_3900.fastq.gz	NA	U
Rat_Heart_6wpb_2751	Rat_UCSC.rn7_RefSeqv108	CordosoMoreira_Fastq/Rat_Heart_6wpb_2751.fastq.gz	NA	U
Rat_Heart_17_3902	Rat_UCSC.rn7_RefSeqv108	CordosoMoreira_Fastq/Rat_Heart_17_3902.fastq.gz	NA	U
Rat_Kidney_17_3903	Rat_UCSC.rn7_RefSeqv108	CordosoMoreira_Fastq/Rat_Kidney_17_3903.fastq.gz	NA	U
Rat_Kidney_6wpb_2856	Rat_UCSC.rn7_RefSeqv108	CordosoMoreira_Fastq/Rat_Kidney_6wpb_2856.fastq.gz	NA	U
Rat_Liver_16wpb_2351	Rat_UCSC.rn7_RefSeqv108	CordosoMoreira_Fastq/Rat_Liver_16wpb_2351.fastq.gz	NA	U
Rat_Heart_18_2667	Rat_UCSC.rn7_RefSeqv108	CordosoMoreira_Fastq/Rat_Heart_18_2667.fastq.gz	NA	U
Rat_Liver_16wpb_2355	Rat_UCSC.rn7_RefSeqv108	CordosoMoreira_Fastq/Rat_Liver_16wpb_2355.fastq.gz	NA	U
Rat_Ovary_18_2719	Rat_UCSC.rn7_RefSeqv108	CordosoMoreira_Fastq/Rat_Ovary_18_2719.fastq.gz	NA	U
Rat_Kidney_18_2722	Rat_UCSC.rn7_RefSeqv108	CordosoMoreira_Fastq/Rat_Kidney_18_2722.fastq.gz	NA	U
Rat_Kidney_18_2752	Rat_UCSC.rn7_RefSeqv108	CordosoMoreira_Fastq/Rat_Kidney_18_2752.fastq.gz	NA	U
Rat_Testis_16wpb_2358	Rat_UCSC.rn7_RefSeqv108	CordosoMoreira_Fastq/Rat_Testis_16wpb_2358.fastq.gz	NA	U
Rat_Kidney_18_2754	Rat_UCSC.rn7_RefSeqv108	CordosoMoreira_Fastq/Rat_Kidney_18_2754.fastq.gz	NA	U
Rat_Liver_16wpb_2359	Rat_UCSC.rn7_RefSeqv108	CordosoMoreira_Fastq/Rat_Liver_16wpb_2359.fastq.gz	NA	U
Rat_Heart_16wpb_2747	Rat_UCSC.rn7_RefSeqv108	CordosoMoreira_Fastq/Rat_Heart_16wpb_2747.fastq.gz	NA	U
Rat_Kidney_18_5596	Rat_UCSC.rn7_RefSeqv108	CordosoMoreira_Fastq/Rat_Kidney_18_5596.fastq.gz	NA	U
Rat_Brain_18_5980	Rat_UCSC.rn7_RefSeqv108	CordosoMoreira_Fastq/Rat_Brain_18_5980.fastq.gz	NA	U
Rat_Brain_19d_2400	Rat_UCSC.rn7_RefSeqv108	CordosoMoreira_Fastq/Rat_Brain_19d_2400.fastq.gz	NA	U
Rat_Brain_19d_2404	Rat_UCSC.rn7_RefSeqv108	CordosoMoreira_Fastq/Rat_Brain_19d_2404.fastq.gz	NA	U
Rat_Brain_19_2406	Rat_UCSC.rn7_RefSeqv108	CordosoMoreira_Fastq/Rat_Brain_19_2406.fastq.gz	NA	U
Rat_Heart_19_2437	Rat_UCSC.rn7_RefSeqv108	CordosoMoreira_Fastq/Rat_Heart_19_2437.fastq.gz	NA	U
Rat_Kidney_19_2713	Rat_UCSC.rn7_RefSeqv108	CordosoMoreira_Fastq/Rat_Kidney_19_2713.fastq.gz	NA	U
Rat_Kidney_19_2857	Rat_UCSC.rn7_RefSeqv108	CordosoMoreira_Fastq/Rat_Kidney_19_2857.fastq.gz	NA	U
Rat_Cerebellum_20_2678	Rat_UCSC.rn7_RefSeqv108	CordosoMoreira_Fastq/Rat_Cerebellum_20_2678.fastq.gz	NA	U
Rat_Heart_20_2684	Rat_UCSC.rn7_RefSeqv108	CordosoMoreira_Fastq/Rat_Heart_20_2684.fastq.gz	NA	U
Rat_Brain_20_2691	Rat_UCSC.rn7_RefSeqv108	CordosoMoreira_Fastq/Rat_Brain_20_2691.fastq.gz	NA	U
Rat_Kidney_20_2705	Rat_UCSC.rn7_RefSeqv108	CordosoMoreira_Fastq/Rat_Kidney_20_2705.fastq.gz	NA	U
Rat_Heart_0dpb_1748	Rat_UCSC.rn7_RefSeqv108	CordosoMoreira_Fastq/Rat_Heart_0dpb_1748.fastq.gz	NA	U
Rat_Brain_0dpb_2288	Rat_UCSC.rn7_RefSeqv108	CordosoMoreira_Fastq/Rat_Brain_0dpb_2288.fastq.gz	NA	U
Rat_Heart_0dpb_2710	Rat_UCSC.rn7_RefSeqv108	CordosoMoreira_Fastq/Rat_Heart_0dpb_2710.fastq.gz	NA	U
Rat_Kidney_0dpb_2711	Rat_UCSC.rn7_RefSeqv108	CordosoMoreira_Fastq/Rat_Kidney_0dpb_2711.fastq.gz	NA	U
Rat_Cerebellum_0dpb_5348	Rat_UCSC.rn7_RefSeqv108	CordosoMoreira_Fastq/Rat_Cerebellum_0dpb_5348.fastq.gz	NA	U
Rat_Brain_3dpb_4898	Rat_UCSC.rn7_RefSeqv108	CordosoMoreira_Fastq/Rat_Brain_3dpb_4898.fastq.gz	NA	U
Rat_Kidney_3dpb_4901	Rat_UCSC.rn7_RefSeqv108	CordosoMoreira_Fastq/Rat_Kidney_3dpb_4901.fastq.gz	NA	U
Rat_Liver_3dpb_4902	Rat_UCSC.rn7_RefSeqv108	CordosoMoreira_Fastq/Rat_Liver_3dpb_4902.fastq.gz	NA	U
Rat_Brain_3dpb_4958	Rat_UCSC.rn7_RefSeqv108	CordosoMoreira_Fastq/Rat_Brain_3dpb_4958.fastq.gz	NA	U
Rat_Cerebellum_3dpb_4959	Rat_UCSC.rn7_RefSeqv108	CordosoMoreira_Fastq/Rat_Cerebellum_3dpb_4959.fastq.gz	NA	U
Rat_Heart_3dpb_4960	Rat_UCSC.rn7_RefSeqv108	CordosoMoreira_Fastq/Rat_Heart_3dpb_4960.fastq.gz	NA	U
Rat_Testis_3dpb_4963	Rat_UCSC.rn7_RefSeqv108	CordosoMoreira_Fastq/Rat_Testis_3dpb_4963.fastq.gz	NA	U
Rat_Cerebellum_3dpb_4965	Rat_UCSC.rn7_RefSeqv108	CordosoMoreira_Fastq/Rat_Cerebellum_3dpb_4965.fastq.gz	NA	U
Rat_Heart_3dpb_4966	Rat_UCSC.rn7_RefSeqv108	CordosoMoreira_Fastq/Rat_Heart_3dpb_4966.fastq.gz	NA	U
Rat_Kidney_3dpb_4968	Rat_UCSC.rn7_RefSeqv108	CordosoMoreira_Fastq/Rat_Kidney_3dpb_4968.fastq.gz	NA	U
Rat_Cerebellum_1wpb_2295	Rat_UCSC.rn7_RefSeqv108	CordosoMoreira_Fastq/Rat_Cerebellum_1wpb_2295.fastq.gz	NA	U
Rat_Brain_1wpb_2298	Rat_UCSC.rn7_RefSeqv108	CordosoMoreira_Fastq/Rat_Brain_1wpb_2298.fastq.gz	NA	U
Rat_Cerebellum_1wpb_2299	Rat_UCSC.rn7_RefSeqv108	CordosoMoreira_Fastq/Rat_Cerebellum_1wpb_2299.fastq.gz	NA	U
Rat_Testis_1wpb_2304	Rat_UCSC.rn7_RefSeqv108	CordosoMoreira_Fastq/Rat_Testis_1wpb_2304.fastq.gz	NA	U
Rat_Liver_1wpb_2523	Rat_UCSC.rn7_RefSeqv108	CordosoMoreira_Fastq/Rat_Liver_1wpb_2523.fastq.gz	NA	U
Rat_Liver_1wpb_2524	Rat_UCSC.rn7_RefSeqv108	CordosoMoreira_Fastq/Rat_Liver_1wpb_2524.fastq.gz	NA	U
Rat_Heart_1wpb_2724	Rat_UCSC.rn7_RefSeqv108	CordosoMoreira_Fastq/Rat_Heart_1wpb_2724.fastq.gz	NA	U
Rat_Kidney_1wpb_2725	Rat_UCSC.rn7_RefSeqv108	CordosoMoreira_Fastq/Rat_Kidney_1wpb_2725.fastq.gz	NA	U
Rat_Kidney_1wpb_2733	Rat_UCSC.rn7_RefSeqv108	CordosoMoreira_Fastq/Rat_Kidney_1wpb_2733.fastq.gz	NA	U
Rat_Kidney_1wpb_2735	Rat_UCSC.rn7_RefSeqv108	CordosoMoreira_Fastq/Rat_Kidney_1wpb_2735.fastq.gz	NA	U
Rat_Heart_1wpb_2736	Rat_UCSC.rn7_RefSeqv108	CordosoMoreira_Fastq/Rat_Heart_1wpb_2736.fastq.gz	NA	U
Rat_Kidney_1wpb_2737	Rat_UCSC.rn7_RefSeqv108	CordosoMoreira_Fastq/Rat_Kidney_1wpb_2737.fastq.gz	NA	U
Rat_Brain_2wpb_2336	Rat_UCSC.rn7_RefSeqv108	CordosoMoreira_Fastq/Rat_Brain_2wpb_2336.fastq.gz	NA	U
Rat_Cerebellum_2wpb_2337	Rat_UCSC.rn7_RefSeqv108	CordosoMoreira_Fastq/Rat_Cerebellum_2wpb_2337.fastq.gz	NA	U
Rat_Cerebellum_2wpb_2340	Rat_UCSC.rn7_RefSeqv108	CordosoMoreira_Fastq/Rat_Cerebellum_2wpb_2340.fastq.gz	NA	U
Rat_Ovary_2wpb_2341	Rat_UCSC.rn7_RefSeqv108	CordosoMoreira_Fastq/Rat_Ovary_2wpb_2341.fastq.gz	NA	U
Rat_Testis_2wpb_2347	Rat_UCSC.rn7_RefSeqv108	CordosoMoreira_Fastq/Rat_Testis_2wpb_2347.fastq.gz	NA	U
Rat_Kidney_2wpb_2729	Rat_UCSC.rn7_RefSeqv108	CordosoMoreira_Fastq/Rat_Kidney_2wpb_2729.fastq.gz	NA	U
Rat_Kidney_2wpb_2758	Rat_UCSC.rn7_RefSeqv108	CordosoMoreira_Fastq/Rat_Kidney_2wpb_2758.fastq.gz	NA	U
Rat_Liver_2wpb_2759	Rat_UCSC.rn7_RefSeqv108	CordosoMoreira_Fastq/Rat_Liver_2wpb_2759.fastq.gz	NA	U
Rat_Liver_6wpb_1969	Rat_UCSC.rn7_RefSeqv108	CordosoMoreira_Fastq/Rat_Liver_6wpb_1969.fastq.gz	NA	U
Rat_Testis_6wpb_1970	Rat_UCSC.rn7_RefSeqv108	CordosoMoreira_Fastq/Rat_Testis_6wpb_1970.fastq.gz	NA	U
Rat_Brain_6wpb_1971	Rat_UCSC.rn7_RefSeqv108	CordosoMoreira_Fastq/Rat_Brain_6wpb_1971.fastq.gz	NA	U
Rat_Brain_6wpb_1975	Rat_UCSC.rn7_RefSeqv108	CordosoMoreira_Fastq/Rat_Brain_6wpb_1975.fastq.gz	NA	U
Rat_Cerebellum_6wpb_2285	Rat_UCSC.rn7_RefSeqv108	CordosoMoreira_Fastq/Rat_Cerebellum_6wpb_2285.fastq.gz	NA	U
Rat_Brain_6wpb_2363	Rat_UCSC.rn7_RefSeqv108	CordosoMoreira_Fastq/Rat_Brain_6wpb_2363.fastq.gz	NA	U
Rat_Kidney_6wpb_2739	Rat_UCSC.rn7_RefSeqv108	CordosoMoreira_Fastq/Rat_Kidney_6wpb_2739.fastq.gz	NA	U
Rat_Heart_6wpb_2740	Rat_UCSC.rn7_RefSeqv108	CordosoMoreira_Fastq/Rat_Heart_6wpb_2740.fastq.gz	NA	U
Rat_Kidney_6wpb_2741	Rat_UCSC.rn7_RefSeqv108	CordosoMoreira_Fastq/Rat_Kidney_6wpb_2741.fastq.gz	NA	U
Rat_Brain_16wpb_2352	Rat_UCSC.rn7_RefSeqv108	CordosoMoreira_Fastq/Rat_Brain_16wpb_2352.fastq.gz	NA	U
Rat_Ovary_16wpb_2354	Rat_UCSC.rn7_RefSeqv108	CordosoMoreira_Fastq/Rat_Ovary_16wpb_2354.fastq.gz	NA	U
Rat_Brain_16wpb_2356	Rat_UCSC.rn7_RefSeqv108	CordosoMoreira_Fastq/Rat_Brain_16wpb_2356.fastq.gz	NA	U
Rat_Cerebellum_16wpb_2368	Rat_UCSC.rn7_RefSeqv108	CordosoMoreira_Fastq/Rat_Cerebellum_16wpb_2368.fastq.gz	NA	U
Rat_Liver_16wpb_2370	Rat_UCSC.rn7_RefSeqv108	CordosoMoreira_Fastq/Rat_Liver_16wpb_2370.fastq.gz	NA	U
Rat_Kidney_16wpb_2854	Rat_UCSC.rn7_RefSeqv108	CordosoMoreira_Fastq/Rat_Kidney_16wpb_2854.fastq.gz	NA	U
Rat_Kidney_16wpb_2870	Rat_UCSC.rn7_RefSeqv108	CordosoMoreira_Fastq/Rat_Kidney_16wpb_2870.fastq.gz	NA	U
Macaque_Brain_7dpb_6053	Macaque_UCSC.rheMac10_ensv101	CordosoMoreira_Fastq/Macaque_Brain_7dpb_6053.fastq.gz	NA	U
Macaque_Heart_23dpb_5444	Macaque_UCSC.rheMac10_ensv101	CordosoMoreira_Fastq/Macaque_Heart_23dpb_5444.fastq.gz	NA	U
Macaque_Heart_7dpb_6055	Macaque_UCSC.rheMac10_ensv101	CordosoMoreira_Fastq/Macaque_Heart_7dpb_6055.fastq.gz	NA	U
Macaque_Cerebellum_22dpb_5467	Macaque_UCSC.rheMac10_ensv101	CordosoMoreira_Fastq/Macaque_Cerebellum_22dpb_5467.fastq.gz	NA	U
Macaque_Cerebellum_23dpb_5499	Macaque_UCSC.rheMac10_ensv101	CordosoMoreira_Fastq/Macaque_Cerebellum_23dpb_5499.fastq.gz	NA	U
Macaque_Kidney_1dpb_5486	Macaque_UCSC.rheMac10_ensv101	CordosoMoreira_Fastq/Macaque_Kidney_1dpb_5486.fastq.gz	NA	U
Macaque_Kidney_20dpb_6123	Macaque_UCSC.rheMac10_ensv101	CordosoMoreira_Fastq/Macaque_Kidney_20dpb_6123.fastq.gz	NA	U
Macaque_Liver_7dpb_6054	Macaque_UCSC.rheMac10_ensv101	CordosoMoreira_Fastq/Macaque_Liver_7dpb_6054.fastq.gz	NA	U
Macaque_Testis_22dpb_5372	Macaque_UCSC.rheMac10_ensv101	CordosoMoreira_Fastq/Macaque_Testis_22dpb_5372.fastq.gz	NA	U
Macaque_Testis_1dpb_5379	Macaque_UCSC.rheMac10_ensv101	CordosoMoreira_Fastq/Macaque_Testis_1dpb_5379.fastq.gz	NA	U
Macaque_Testis_1dpb_5508	Macaque_UCSC.rheMac10_ensv101	CordosoMoreira_Fastq/Macaque_Testis_1dpb_5508.fastq.gz	NA	U
Macaque_Heart_1ypb_5470	Macaque_UCSC.rheMac10_ensv101	CordosoMoreira_Fastq/Macaque_Heart_1ypb_5470.fastq.gz	NA	U
Macaque_Kidney_1ypb_6074	Macaque_UCSC.rheMac10_ensv101	CordosoMoreira_Fastq/Macaque_Kidney_1ypb_6074.fastq.gz	NA	U
Macaque_Kidney_1ypb_6124	Macaque_UCSC.rheMac10_ensv101	CordosoMoreira_Fastq/Macaque_Kidney_1ypb_6124.fastq.gz	NA	U
Macaque_Liver_1ypb_6073	Macaque_UCSC.rheMac10_ensv101	CordosoMoreira_Fastq/Macaque_Liver_1ypb_6073.fastq.gz	NA	U
Macaque_Testis_1ypb_5418	Macaque_UCSC.rheMac10_ensv101	CordosoMoreira_Fastq/Macaque_Testis_1ypb_5418.fastq.gz	NA	U
Macaque_Brain_3ypb_6076	Macaque_UCSC.rheMac10_ensv101	CordosoMoreira_Fastq/Macaque_Brain_3ypb_6076.fastq.gz	NA	U
Macaque_Cerebellum_3ypb_5428	Macaque_UCSC.rheMac10_ensv101	CordosoMoreira_Fastq/Macaque_Cerebellum_3ypb_5428.fastq.gz	NA	U
Macaque_Kidney_3ypb_5507	Macaque_UCSC.rheMac10_ensv101	CordosoMoreira_Fastq/Macaque_Kidney_3ypb_5507.fastq.gz	NA	U
Macaque_Kidney_3ypb_6079	Macaque_UCSC.rheMac10_ensv101	CordosoMoreira_Fastq/Macaque_Kidney_3ypb_6079.fastq.gz	NA	U
Macaque_Heart_153dpb_5438	Macaque_UCSC.rheMac10_ensv101	CordosoMoreira_Fastq/Macaque_Heart_153dpb_5438.fastq.gz	NA	U
Macaque_Heart_6mpb_6065	Macaque_UCSC.rheMac10_ensv101	CordosoMoreira_Fastq/Macaque_Heart_6mpb_6065.fastq.gz	NA	U
Macaque_Heart_6mpb_6119	Macaque_UCSC.rheMac10_ensv101	CordosoMoreira_Fastq/Macaque_Heart_6mpb_6119.fastq.gz	NA	U
Macaque_Kidney_153dpb_5361	Macaque_UCSC.rheMac10_ensv101	CordosoMoreira_Fastq/Macaque_Kidney_153dpb_5361.fastq.gz	NA	U
Macaque_Kidney_6mpb_6066	Macaque_UCSC.rheMac10_ensv101	CordosoMoreira_Fastq/Macaque_Kidney_6mpb_6066.fastq.gz	NA	U
Macaque_Liver_6mpb_6059	Macaque_UCSC.rheMac10_ensv101	CordosoMoreira_Fastq/Macaque_Liver_6mpb_6059.fastq.gz	NA	U
Macaque_Liver_6mpb_6064	Macaque_UCSC.rheMac10_ensv101	CordosoMoreira_Fastq/Macaque_Liver_6mpb_6064.fastq.gz	NA	U
Macaque_Heart_8ypb_6085	Macaque_UCSC.rheMac10_ensv101	CordosoMoreira_Fastq/Macaque_Heart_8ypb_6085.fastq.gz	NA	U
Macaque_Liver_8ypb_6086	Macaque_UCSC.rheMac10_ensv101	CordosoMoreira_Fastq/Macaque_Liver_8ypb_6086.fastq.gz	NA	U
Macaque_Liver_9ypb_5993	Macaque_UCSC.rheMac10_ensv101	CordosoMoreira_Fastq/Macaque_Liver_9ypb_5993.fastq.gz	NA	U
Macaque_Kidney_93_6030	Macaque_UCSC.rheMac10_ensv101	CordosoMoreira_Fastq/Macaque_Kidney_93_6030.fastq.gz	NA	U
Macaque_Kidney_93_6033	Macaque_UCSC.rheMac10_ensv101	CordosoMoreira_Fastq/Macaque_Kidney_93_6033.fastq.gz	NA	U
Macaque_Liver_93_6029	Macaque_UCSC.rheMac10_ensv101	CordosoMoreira_Fastq/Macaque_Liver_93_6029.fastq.gz	NA	U
Macaque_Liver_93_6032	Macaque_UCSC.rheMac10_ensv101	CordosoMoreira_Fastq/Macaque_Liver_93_6032.fastq.gz	NA	U
Macaque_Liver_109_5495	Macaque_UCSC.rheMac10_ensv101	CordosoMoreira_Fastq/Macaque_Liver_109_5495.fastq.gz	NA	U
Macaque_Testis_109_5464	Macaque_UCSC.rheMac10_ensv101	CordosoMoreira_Fastq/Macaque_Testis_109_5464.fastq.gz	NA	U
Macaque_Brain_112_6113	Macaque_UCSC.rheMac10_ensv101	CordosoMoreira_Fastq/Macaque_Brain_112_6113.fastq.gz	NA	U
Macaque_Heart_112_6037	Macaque_UCSC.rheMac10_ensv101	CordosoMoreira_Fastq/Macaque_Heart_112_6037.fastq.gz	NA	U
Macaque_Heart_123_5387	Macaque_UCSC.rheMac10_ensv101	CordosoMoreira_Fastq/Macaque_Heart_123_5387.fastq.gz	NA	U
Macaque_Heart_123_5411	Macaque_UCSC.rheMac10_ensv101	CordosoMoreira_Fastq/Macaque_Heart_123_5411.fastq.gz	NA	U
Macaque_Liver_123_5406	Macaque_UCSC.rheMac10_ensv101	CordosoMoreira_Fastq/Macaque_Liver_123_5406.fastq.gz	NA	U
Macaque_Liver_123_5493	Macaque_UCSC.rheMac10_ensv101	CordosoMoreira_Fastq/Macaque_Liver_123_5493.fastq.gz	NA	U
Macaque_Brain_129_5455	Macaque_UCSC.rheMac10_ensv101	CordosoMoreira_Fastq/Macaque_Brain_129_5455.fastq.gz	NA	U
Macaque_Heart_130_6005	Macaque_UCSC.rheMac10_ensv101	CordosoMoreira_Fastq/Macaque_Heart_130_6005.fastq.gz	NA	U
Macaque_Testis_129_5483	Macaque_UCSC.rheMac10_ensv101	CordosoMoreira_Fastq/Macaque_Testis_129_5483.fastq.gz	NA	U
Macaque_Brain_14ypb_6110	Macaque_UCSC.rheMac10_ensv101	CordosoMoreira_Fastq/Macaque_Brain_14ypb_6110.fastq.gz	NA	U
Macaque_Heart_15ypb_6120	Macaque_UCSC.rheMac10_ensv101	CordosoMoreira_Fastq/Macaque_Heart_15ypb_6120.fastq.gz	NA	U
Macaque_Kidney_14ypb_5376	Macaque_UCSC.rheMac10_ensv101	CordosoMoreira_Fastq/Macaque_Kidney_14ypb_5376.fastq.gz	NA	U
Macaque_Liver_14ypb_6114	Macaque_UCSC.rheMac10_ensv101	CordosoMoreira_Fastq/Macaque_Liver_14ypb_6114.fastq.gz	NA	U
Macaque_Heart_20ypb_6121	Macaque_UCSC.rheMac10_ensv101	CordosoMoreira_Fastq/Macaque_Heart_20ypb_6121.fastq.gz	NA	U
Macaque_Kidney_20ypb_6126	Macaque_UCSC.rheMac10_ensv101	CordosoMoreira_Fastq/Macaque_Kidney_20ypb_6126.fastq.gz	NA	U
Macaque_Cerebellum_22ypb_5389	Macaque_UCSC.rheMac10_ensv101	CordosoMoreira_Fastq/Macaque_Cerebellum_22ypb_5389.fastq.gz	NA	U
Macaque_Testis_22ypb_5412	Macaque_UCSC.rheMac10_ensv101	CordosoMoreira_Fastq/Macaque_Testis_22ypb_5412.fastq.gz	NA	U
Macaque_Brain_23dpb_5471	Macaque_UCSC.rheMac10_ensv101	CordosoMoreira_Fastq/Macaque_Brain_23dpb_5471.fastq.gz	NA	U
Macaque_Brain_22dpb_5480	Macaque_UCSC.rheMac10_ensv101	CordosoMoreira_Fastq/Macaque_Brain_22dpb_5480.fastq.gz	NA	U
Macaque_Brain_1dpb_5500	Macaque_UCSC.rheMac10_ensv101	CordosoMoreira_Fastq/Macaque_Brain_1dpb_5500.fastq.gz	NA	U
Macaque_Brain_1dpb_6006	Macaque_UCSC.rheMac10_ensv101	CordosoMoreira_Fastq/Macaque_Brain_1dpb_6006.fastq.gz	NA	U
Macaque_Heart_1dpb_5409	Macaque_UCSC.rheMac10_ensv101	CordosoMoreira_Fastq/Macaque_Heart_1dpb_5409.fastq.gz	NA	U
Macaque_Heart_1dpb_5474	Macaque_UCSC.rheMac10_ensv101	CordosoMoreira_Fastq/Macaque_Heart_1dpb_5474.fastq.gz	NA	U
Macaque_Heart_20dpb_6118	Macaque_UCSC.rheMac10_ensv101	CordosoMoreira_Fastq/Macaque_Heart_20dpb_6118.fastq.gz	NA	U
Macaque_Cerebellum_1dpb_5477	Macaque_UCSC.rheMac10_ensv101	CordosoMoreira_Fastq/Macaque_Cerebellum_1dpb_5477.fastq.gz	NA	U
Macaque_Kidney_1dpb_5453	Macaque_UCSC.rheMac10_ensv101	CordosoMoreira_Fastq/Macaque_Kidney_1dpb_5453.fastq.gz	NA	U
Macaque_Kidney_22dpb_5490	Macaque_UCSC.rheMac10_ensv101	CordosoMoreira_Fastq/Macaque_Kidney_22dpb_5490.fastq.gz	NA	U
Macaque_Liver_22dpb_5368	Macaque_UCSC.rheMac10_ensv101	CordosoMoreira_Fastq/Macaque_Liver_22dpb_5368.fastq.gz	NA	U
Macaque_Liver_1dpb_5431	Macaque_UCSC.rheMac10_ensv101	CordosoMoreira_Fastq/Macaque_Liver_1dpb_5431.fastq.gz	NA	U
Macaque_Liver_1dpb_5496	Macaque_UCSC.rheMac10_ensv101	CordosoMoreira_Fastq/Macaque_Liver_1dpb_5496.fastq.gz	NA	U
Macaque_Testis_23dpb_5408	Macaque_UCSC.rheMac10_ensv101	CordosoMoreira_Fastq/Macaque_Testis_23dpb_5408.fastq.gz	NA	U
Macaque_Brain_1ypb_6012	Macaque_UCSC.rheMac10_ensv101	CordosoMoreira_Fastq/Macaque_Brain_1ypb_6012.fastq.gz	NA	U
Macaque_Heart_1ypb_5481	Macaque_UCSC.rheMac10_ensv101	CordosoMoreira_Fastq/Macaque_Heart_1ypb_5481.fastq.gz	NA	U
Macaque_Cerebellum_1ypb_5458	Macaque_UCSC.rheMac10_ensv101	CordosoMoreira_Fastq/Macaque_Cerebellum_1ypb_5458.fastq.gz	NA	U
Macaque_Kidney_1ypb_5472	Macaque_UCSC.rheMac10_ensv101	CordosoMoreira_Fastq/Macaque_Kidney_1ypb_5472.fastq.gz	NA	U
Macaque_Liver_1ypb_5366	Macaque_UCSC.rheMac10_ensv101	CordosoMoreira_Fastq/Macaque_Liver_1ypb_5366.fastq.gz	NA	U
Macaque_Liver_1ypb_5497	Macaque_UCSC.rheMac10_ensv101	CordosoMoreira_Fastq/Macaque_Liver_1ypb_5497.fastq.gz	NA	U
Macaque_Testis_1ypb_6075	Macaque_UCSC.rheMac10_ensv101	CordosoMoreira_Fastq/Macaque_Testis_1ypb_6075.fastq.gz	NA	U
Macaque_Brain_3ypb_6084	Macaque_UCSC.rheMac10_ensv101	CordosoMoreira_Fastq/Macaque_Brain_3ypb_6084.fastq.gz	NA	U
Macaque_Heart_3ypb_5422	Macaque_UCSC.rheMac10_ensv101	CordosoMoreira_Fastq/Macaque_Heart_3ypb_5422.fastq.gz	NA	U
Macaque_Heart_3ypb_5436	Macaque_UCSC.rheMac10_ensv101	CordosoMoreira_Fastq/Macaque_Heart_3ypb_5436.fastq.gz	NA	U
Macaque_Heart_3ypb_6081	Macaque_UCSC.rheMac10_ensv101	CordosoMoreira_Fastq/Macaque_Heart_3ypb_6081.fastq.gz	NA	U
Macaque_Cerebellum_3ypb_5442	Macaque_UCSC.rheMac10_ensv101	CordosoMoreira_Fastq/Macaque_Cerebellum_3ypb_5442.fastq.gz	NA	U
Macaque_Kidney_3ypb_5380	Macaque_UCSC.rheMac10_ensv101	CordosoMoreira_Fastq/Macaque_Kidney_3ypb_5380.fastq.gz	NA	U
Macaque_Liver_3ypb_5447	Macaque_UCSC.rheMac10_ensv101	CordosoMoreira_Fastq/Macaque_Liver_3ypb_5447.fastq.gz	NA	U
Macaque_Liver_3ypb_6077	Macaque_UCSC.rheMac10_ensv101	CordosoMoreira_Fastq/Macaque_Liver_3ypb_6077.fastq.gz	NA	U
Macaque_Testis_3ypb_5440	Macaque_UCSC.rheMac10_ensv101	CordosoMoreira_Fastq/Macaque_Testis_3ypb_5440.fastq.gz	NA	U
Macaque_Testis_3ypb_6080	Macaque_UCSC.rheMac10_ensv101	CordosoMoreira_Fastq/Macaque_Testis_3ypb_6080.fastq.gz	NA	U
Macaque_Brain_151dpb_5434	Macaque_UCSC.rheMac10_ensv101	CordosoMoreira_Fastq/Macaque_Brain_151dpb_5434.fastq.gz	NA	U
Macaque_Cerebellum_153dpb_5498	Macaque_UCSC.rheMac10_ensv101	CordosoMoreira_Fastq/Macaque_Cerebellum_153dpb_5498.fastq.gz	NA	U
Macaque_Kidney_151dpb_5381	Macaque_UCSC.rheMac10_ensv101	CordosoMoreira_Fastq/Macaque_Kidney_151dpb_5381.fastq.gz	NA	U
Macaque_Testis_151dpb_5371	Macaque_UCSC.rheMac10_ensv101	CordosoMoreira_Fastq/Macaque_Testis_151dpb_5371.fastq.gz	NA	U
Macaque_Brain_8ypb_6088	Macaque_UCSC.rheMac10_ensv101	CordosoMoreira_Fastq/Macaque_Brain_8ypb_6088.fastq.gz	NA	U
Macaque_Brain_9ypb_6093	Macaque_UCSC.rheMac10_ensv101	CordosoMoreira_Fastq/Macaque_Brain_9ypb_6093.fastq.gz	NA	U
Macaque_Heart_9ypb_5450	Macaque_UCSC.rheMac10_ensv101	CordosoMoreira_Fastq/Macaque_Heart_9ypb_5450.fastq.gz	NA	U
Macaque_Cerebellum_9ypb_5457	Macaque_UCSC.rheMac10_ensv101	CordosoMoreira_Fastq/Macaque_Cerebellum_9ypb_5457.fastq.gz	NA	U
Macaque_Liver_9ypb_5425	Macaque_UCSC.rheMac10_ensv101	CordosoMoreira_Fastq/Macaque_Liver_9ypb_5425.fastq.gz	NA	U
Macaque_Testis_9ypb_5373	Macaque_UCSC.rheMac10_ensv101	CordosoMoreira_Fastq/Macaque_Testis_9ypb_5373.fastq.gz	NA	U
Macaque_Ovary_11ypb_6094	Macaque_UCSC.rheMac10_ensv101	CordosoMoreira_Fastq/Macaque_Ovary_11ypb_6094.fastq.gz	NA	U
Macaque_Brain_93_6031	Macaque_UCSC.rheMac10_ensv101	CordosoMoreira_Fastq/Macaque_Brain_93_6031.fastq.gz	NA	U
Macaque_Brain_93_6036	Macaque_UCSC.rheMac10_ensv101	CordosoMoreira_Fastq/Macaque_Brain_93_6036.fastq.gz	NA	U
Macaque_Heart_93_6034	Macaque_UCSC.rheMac10_ensv101	CordosoMoreira_Fastq/Macaque_Heart_93_6034.fastq.gz	NA	U
Macaque_Heart_109_5429	Macaque_UCSC.rheMac10_ensv101	CordosoMoreira_Fastq/Macaque_Heart_109_5429.fastq.gz	NA	U
Macaque_Testis_109_5462	Macaque_UCSC.rheMac10_ensv101	CordosoMoreira_Fastq/Macaque_Testis_109_5462.fastq.gz	NA	U
Macaque_Kidney_112_6038	Macaque_UCSC.rheMac10_ensv101	CordosoMoreira_Fastq/Macaque_Kidney_112_6038.fastq.gz	NA	U
Macaque_Liver_112_6039	Macaque_UCSC.rheMac10_ensv101	CordosoMoreira_Fastq/Macaque_Liver_112_6039.fastq.gz	NA	U
Macaque_Cerebellum_123_5427	Macaque_UCSC.rheMac10_ensv101	CordosoMoreira_Fastq/Macaque_Cerebellum_123_5427.fastq.gz	NA	U
Macaque_Cerebellum_129_5374	Macaque_UCSC.rheMac10_ensv101	CordosoMoreira_Fastq/Macaque_Cerebellum_129_5374.fastq.gz	NA	U
Macaque_Kidney_130_5384	Macaque_UCSC.rheMac10_ensv101	CordosoMoreira_Fastq/Macaque_Kidney_130_5384.fastq.gz	NA	U
Macaque_Kidney_129_5423	Macaque_UCSC.rheMac10_ensv101	CordosoMoreira_Fastq/Macaque_Kidney_129_5423.fastq.gz	NA	U
Macaque_Testis_130_5392	Macaque_UCSC.rheMac10_ensv101	CordosoMoreira_Fastq/Macaque_Testis_130_5392.fastq.gz	NA	U
Macaque_Brain_15ypb_6111	Macaque_UCSC.rheMac10_ensv101	CordosoMoreira_Fastq/Macaque_Brain_15ypb_6111.fastq.gz	NA	U
Macaque_Cerebellum_15ypb_5491	Macaque_UCSC.rheMac10_ensv101	CordosoMoreira_Fastq/Macaque_Cerebellum_15ypb_5491.fastq.gz	NA	U
Macaque_Liver_14ypb_5482	Macaque_UCSC.rheMac10_ensv101	CordosoMoreira_Fastq/Macaque_Liver_14ypb_5482.fastq.gz	NA	U
Macaque_Testis_14ypb_5435	Macaque_UCSC.rheMac10_ensv101	CordosoMoreira_Fastq/Macaque_Testis_14ypb_5435.fastq.gz	NA	U
Macaque_Brain_21ypb_5413	Macaque_UCSC.rheMac10_ensv101	CordosoMoreira_Fastq/Macaque_Brain_21ypb_5413.fastq.gz	NA	U
Macaque_Kidney_26ypb_6127	Macaque_UCSC.rheMac10_ensv101	CordosoMoreira_Fastq/Macaque_Kidney_26ypb_6127.fastq.gz	NA	U
Macaque_Liver_21ypb_5404	Macaque_UCSC.rheMac10_ensv101	CordosoMoreira_Fastq/Macaque_Liver_21ypb_5404.fastq.gz	NA	U
Macaque_Testis_21ypb_5383	Macaque_UCSC.rheMac10_ensv101	CordosoMoreira_Fastq/Macaque_Testis_21ypb_5383.fastq.gz	NA	U
Macaque_Brain_22ypb_5461	Macaque_UCSC.rheMac10_ensv101	CordosoMoreira_Fastq/Macaque_Brain_22ypb_5461.fastq.gz	NA	U
Macaque_Liver_22ypb_5395	Macaque_UCSC.rheMac10_ensv101	CordosoMoreira_Fastq/Macaque_Liver_22ypb_5395.fastq.gz	NA	U
Macaque_Brain_2dpb_6049	Macaque_UCSC.rheMac10_ensv101	CordosoMoreira_Fastq/Macaque_Brain_2dpb_6049.fastq.gz	NA	U
Macaque_Cerebellum_1dpb_5430	Macaque_UCSC.rheMac10_ensv101	CordosoMoreira_Fastq/Macaque_Cerebellum_1dpb_5430.fastq.gz	NA	U
Macaque_Kidney_2dpb_6051	Macaque_UCSC.rheMac10_ensv101	CordosoMoreira_Fastq/Macaque_Kidney_2dpb_6051.fastq.gz	NA	U
Macaque_Liver_23dpb_5504	Macaque_UCSC.rheMac10_ensv101	CordosoMoreira_Fastq/Macaque_Liver_23dpb_5504.fastq.gz	NA	U
Macaque_Liver_2dpb_6050	Macaque_UCSC.rheMac10_ensv101	CordosoMoreira_Fastq/Macaque_Liver_2dpb_6050.fastq.gz	NA	U
Macaque_Testis_7dpb_6057	Macaque_UCSC.rheMac10_ensv101	CordosoMoreira_Fastq/Macaque_Testis_7dpb_6057.fastq.gz	NA	U
Macaque_Brain_1ypb_6068	Macaque_UCSC.rheMac10_ensv101	CordosoMoreira_Fastq/Macaque_Brain_1ypb_6068.fastq.gz	NA	U
Macaque_Brain_1ypb_6072	Macaque_UCSC.rheMac10_ensv101	CordosoMoreira_Fastq/Macaque_Brain_1ypb_6072.fastq.gz	NA	U
Macaque_Heart_1ypb_6070	Macaque_UCSC.rheMac10_ensv101	CordosoMoreira_Fastq/Macaque_Heart_1ypb_6070.fastq.gz	NA	U
Macaque_Kidney_1ypb_6071	Macaque_UCSC.rheMac10_ensv101	CordosoMoreira_Fastq/Macaque_Kidney_1ypb_6071.fastq.gz	NA	U
Macaque_Liver_1ypb_6069	Macaque_UCSC.rheMac10_ensv101	CordosoMoreira_Fastq/Macaque_Liver_1ypb_6069.fastq.gz	NA	U
Macaque_Testis_1ypb_5451	Macaque_UCSC.rheMac10_ensv101	CordosoMoreira_Fastq/Macaque_Testis_1ypb_5451.fastq.gz	NA	U
Macaque_Brain_2ypb_6109	Macaque_UCSC.rheMac10_ensv101	CordosoMoreira_Fastq/Macaque_Brain_2ypb_6109.fastq.gz	NA	U
Macaque_Heart_3ypb_6078	Macaque_UCSC.rheMac10_ensv101	CordosoMoreira_Fastq/Macaque_Heart_3ypb_6078.fastq.gz	NA	U
Macaque_Kidney_3ypb_6083	Macaque_UCSC.rheMac10_ensv101	CordosoMoreira_Fastq/Macaque_Kidney_3ypb_6083.fastq.gz	NA	U
Macaque_Liver_3ypb_5454	Macaque_UCSC.rheMac10_ensv101	CordosoMoreira_Fastq/Macaque_Liver_3ypb_5454.fastq.gz	NA	U
Macaque_Testis_3ypb_5443	Macaque_UCSC.rheMac10_ensv101	CordosoMoreira_Fastq/Macaque_Testis_3ypb_5443.fastq.gz	NA	U
Macaque_Testis_3ypb_6082	Macaque_UCSC.rheMac10_ensv101	CordosoMoreira_Fastq/Macaque_Testis_3ypb_6082.fastq.gz	NA	U
Macaque_Brain_153dpb_5494	Macaque_UCSC.rheMac10_ensv101	CordosoMoreira_Fastq/Macaque_Brain_153dpb_5494.fastq.gz	NA	U
Macaque_Heart_6mpb_6060	Macaque_UCSC.rheMac10_ensv101	CordosoMoreira_Fastq/Macaque_Heart_6mpb_6060.fastq.gz	NA	U
Macaque_Cerebellum_151dpb_5502	Macaque_UCSC.rheMac10_ensv101	CordosoMoreira_Fastq/Macaque_Cerebellum_151dpb_5502.fastq.gz	NA	U
Macaque_Liver_153dpb_5463	Macaque_UCSC.rheMac10_ensv101	CordosoMoreira_Fastq/Macaque_Liver_153dpb_5463.fastq.gz	NA	U
Macaque_Testis_153dpb_5456	Macaque_UCSC.rheMac10_ensv101	CordosoMoreira_Fastq/Macaque_Testis_153dpb_5456.fastq.gz	NA	U
Macaque_Testis_6mpb_6062	Macaque_UCSC.rheMac10_ensv101	CordosoMoreira_Fastq/Macaque_Testis_6mpb_6062.fastq.gz	NA	U
Macaque_Testis_6mpb_6067	Macaque_UCSC.rheMac10_ensv101	CordosoMoreira_Fastq/Macaque_Testis_6mpb_6067.fastq.gz	NA	U
Macaque_Kidney_8ypb_6087	Macaque_UCSC.rheMac10_ensv101	CordosoMoreira_Fastq/Macaque_Kidney_8ypb_6087.fastq.gz	NA	U
Macaque_Kidney_8ypb_6125	Macaque_UCSC.rheMac10_ensv101	CordosoMoreira_Fastq/Macaque_Kidney_8ypb_6125.fastq.gz	NA	U
Macaque_Brain_9ypb_5501	Macaque_UCSC.rheMac10_ensv101	CordosoMoreira_Fastq/Macaque_Brain_9ypb_5501.fastq.gz	NA	U
Macaque_Brain_9ypb_5988	Macaque_UCSC.rheMac10_ensv101	CordosoMoreira_Fastq/Macaque_Brain_9ypb_5988.fastq.gz	NA	U
Macaque_Heart_9ypb_5420	Macaque_UCSC.rheMac10_ensv101	CordosoMoreira_Fastq/Macaque_Heart_9ypb_5420.fastq.gz	NA	U
Macaque_Kidney_9ypb_5476	Macaque_UCSC.rheMac10_ensv101	CordosoMoreira_Fastq/Macaque_Kidney_9ypb_5476.fastq.gz	NA	U
Macaque_Kidney_9ypb_6091	Macaque_UCSC.rheMac10_ensv101	CordosoMoreira_Fastq/Macaque_Kidney_9ypb_6091.fastq.gz	NA	U
Macaque_Liver_9ypb_6089	Macaque_UCSC.rheMac10_ensv101	CordosoMoreira_Fastq/Macaque_Liver_9ypb_6089.fastq.gz	NA	U
Macaque_Ovary_9ypb_6092	Macaque_UCSC.rheMac10_ensv101	CordosoMoreira_Fastq/Macaque_Ovary_9ypb_6092.fastq.gz	NA	U
Macaque_Testis_9ypb_5414	Macaque_UCSC.rheMac10_ensv101	CordosoMoreira_Fastq/Macaque_Testis_9ypb_5414.fastq.gz	NA	U
Macaque_Brain_24dpb_6108	Macaque_UCSC.rheMac10_ensv101	CordosoMoreira_Fastq/Macaque_Brain_24dpb_6108.fastq.gz	NA	U
Macaque_Ovary_93_6035	Macaque_UCSC.rheMac10_ensv101	CordosoMoreira_Fastq/Macaque_Ovary_93_6035.fastq.gz	NA	U
Macaque_Brain_109_5478	Macaque_UCSC.rheMac10_ensv101	CordosoMoreira_Fastq/Macaque_Brain_109_5478.fastq.gz	NA	U
Macaque_Heart_109_5424	Macaque_UCSC.rheMac10_ensv101	CordosoMoreira_Fastq/Macaque_Heart_109_5424.fastq.gz	NA	U
Macaque_Kidney_109_5386	Macaque_UCSC.rheMac10_ensv101	CordosoMoreira_Fastq/Macaque_Kidney_109_5386.fastq.gz	NA	U
Macaque_Kidney_109_5439	Macaque_UCSC.rheMac10_ensv101	CordosoMoreira_Fastq/Macaque_Kidney_109_5439.fastq.gz	NA	U
Macaque_Liver_109_5370	Macaque_UCSC.rheMac10_ensv101	CordosoMoreira_Fastq/Macaque_Liver_109_5370.fastq.gz	NA	U
Macaque_Testis_112_6040	Macaque_UCSC.rheMac10_ensv101	CordosoMoreira_Fastq/Macaque_Testis_112_6040.fastq.gz	NA	U
Macaque_Brain_123_5417	Macaque_UCSC.rheMac10_ensv101	CordosoMoreira_Fastq/Macaque_Brain_123_5417.fastq.gz	NA	U
Macaque_Brain_123_5452	Macaque_UCSC.rheMac10_ensv101	CordosoMoreira_Fastq/Macaque_Brain_123_5452.fastq.gz	NA	U
Macaque_Brain_123_6112	Macaque_UCSC.rheMac10_ensv101	CordosoMoreira_Fastq/Macaque_Brain_123_6112.fastq.gz	NA	U
Macaque_Kidney_123_5363	Macaque_UCSC.rheMac10_ensv101	CordosoMoreira_Fastq/Macaque_Kidney_123_5363.fastq.gz	NA	U
Macaque_Kidney_123_5365	Macaque_UCSC.rheMac10_ensv101	CordosoMoreira_Fastq/Macaque_Kidney_123_5365.fastq.gz	NA	U
Macaque_Testis_123_5460	Macaque_UCSC.rheMac10_ensv101	CordosoMoreira_Fastq/Macaque_Testis_123_5460.fastq.gz	NA	U
Macaque_Testis_123_5475	Macaque_UCSC.rheMac10_ensv101	CordosoMoreira_Fastq/Macaque_Testis_123_5475.fastq.gz	NA	U
Macaque_Brain_130_5448	Macaque_UCSC.rheMac10_ensv101	CordosoMoreira_Fastq/Macaque_Brain_130_5448.fastq.gz	NA	U
Macaque_Cerebellum_130_5364	Macaque_UCSC.rheMac10_ensv101	CordosoMoreira_Fastq/Macaque_Cerebellum_130_5364.fastq.gz	NA	U
Macaque_Liver_129_5362	Macaque_UCSC.rheMac10_ensv101	CordosoMoreira_Fastq/Macaque_Liver_129_5362.fastq.gz	NA	U
Macaque_Liver_130_5466	Macaque_UCSC.rheMac10_ensv101	CordosoMoreira_Fastq/Macaque_Liver_130_5466.fastq.gz	NA	U
Macaque_Heart_14ypb_5396	Macaque_UCSC.rheMac10_ensv101	CordosoMoreira_Fastq/Macaque_Heart_14ypb_5396.fastq.gz	NA	U
Macaque_Kidney_15ypb_5445	Macaque_UCSC.rheMac10_ensv101	CordosoMoreira_Fastq/Macaque_Kidney_15ypb_5445.fastq.gz	NA	U
Macaque_Liver_15ypb_5416	Macaque_UCSC.rheMac10_ensv101	CordosoMoreira_Fastq/Macaque_Liver_15ypb_5416.fastq.gz	NA	U
Macaque_Testis_15ypb_5410	Macaque_UCSC.rheMac10_ensv101	CordosoMoreira_Fastq/Macaque_Testis_15ypb_5410.fastq.gz	NA	U
Macaque_Heart_26ypb_6122	Macaque_UCSC.rheMac10_ensv101	CordosoMoreira_Fastq/Macaque_Heart_26ypb_6122.fastq.gz	NA	U
Macaque_Cerebellum_21ypb_5378	Macaque_UCSC.rheMac10_ensv101	CordosoMoreira_Fastq/Macaque_Cerebellum_21ypb_5378.fastq.gz	NA	U
Human_Heart_10w_2024	Human_UCSC.hg38_GencodeComprehensive46	CordosoMoreira_Fastq/Human_Heart_10w_2024.fastq.gz	NA	U
Human_Heart_10w_5679	Human_UCSC.hg38_GencodeComprehensive46	CordosoMoreira_Fastq/Human_Heart_10w_5679.fastq.gz	NA	U
Human_Kidney_10w_5646	Human_UCSC.hg38_GencodeComprehensive46	CordosoMoreira_Fastq/Human_Kidney_10w_5646.fastq.gz	NA	U
Human_Hindbrain_10w_5743	Human_UCSC.hg38_GencodeComprehensive46	CordosoMoreira_Fastq/Human_Hindbrain_10w_5743.fastq.gz	NA	U
Human_Liver_10w_2094	Human_UCSC.hg38_GencodeComprehensive46	CordosoMoreira_Fastq/Human_Liver_10w_2094.fastq.gz	NA	U
Human_Liver_10w_5678	Human_UCSC.hg38_GencodeComprehensive46	CordosoMoreira_Fastq/Human_Liver_10w_5678.fastq.gz	NA	U
Human_Heart_11w_1437	Human_UCSC.hg38_GencodeComprehensive46	CordosoMoreira_Fastq/Human_Heart_11w_1437.fastq.gz	NA	U
Human_Heart_11w_2044	Human_UCSC.hg38_GencodeComprehensive46	CordosoMoreira_Fastq/Human_Heart_11w_2044.fastq.gz	NA	U
Human_Liver_11w_3779	Human_UCSC.hg38_GencodeComprehensive46	CordosoMoreira_Fastq/Human_Liver_11w_3779.fastq.gz	NA	U
Human_Forebrain_12w_5721	Human_UCSC.hg38_GencodeComprehensive46	CordosoMoreira_Fastq/Human_Forebrain_12w_5721.fastq.gz	NA	U
Human_Heart_12w_3585	Human_UCSC.hg38_GencodeComprehensive46	CordosoMoreira_Fastq/Human_Heart_12w_3585.fastq.gz	NA	U
Human_Heart_12w_3770	Human_UCSC.hg38_GencodeComprehensive46	CordosoMoreira_Fastq/Human_Heart_12w_3770.fastq.gz	NA	U
Human_Hindbrain_12w_3769	Human_UCSC.hg38_GencodeComprehensive46	CordosoMoreira_Fastq/Human_Hindbrain_12w_3769.fastq.gz	NA	U
Human_Kidney_12w_5651	Human_UCSC.hg38_GencodeComprehensive46	CordosoMoreira_Fastq/Human_Kidney_12w_5651.fastq.gz	NA	U
Human_Testis_12w_3775	Human_UCSC.hg38_GencodeComprehensive46	CordosoMoreira_Fastq/Human_Testis_12w_3775.fastq.gz	NA	U
Human_Forebrain_13w_5711	Human_UCSC.hg38_GencodeComprehensive46	CordosoMoreira_Fastq/Human_Forebrain_13w_5711.fastq.gz	NA	U
Human_Hindbrain_13w_5670	Human_UCSC.hg38_GencodeComprehensive46	CordosoMoreira_Fastq/Human_Hindbrain_13w_5670.fastq.gz	NA	U
Human_Kidney_13w_5713	Human_UCSC.hg38_GencodeComprehensive46	CordosoMoreira_Fastq/Human_Kidney_13w_5713.fastq.gz	NA	U
Human_Ovary_13w_5944	Human_UCSC.hg38_GencodeComprehensive46	CordosoMoreira_Fastq/Human_Ovary_13w_5944.fastq.gz	NA	U
Human_Forebrain_16w_5951	Human_UCSC.hg38_GencodeComprehensive46	CordosoMoreira_Fastq/Human_Forebrain_16w_5951.fastq.gz	NA	U
Human_Hindbrain_16w_5669	Human_UCSC.hg38_GencodeComprehensive46	CordosoMoreira_Fastq/Human_Hindbrain_16w_5669.fastq.gz	NA	U
Human_Forebrain_18w_5667	Human_UCSC.hg38_GencodeComprehensive46	CordosoMoreira_Fastq/Human_Forebrain_18w_5667.fastq.gz	NA	U
Human_Kidney_18w_5957	Human_UCSC.hg38_GencodeComprehensive46	CordosoMoreira_Fastq/Human_Kidney_18w_5957.fastq.gz	NA	U
Human_Liver_18w_5657	Human_UCSC.hg38_GencodeComprehensive46	CordosoMoreira_Fastq/Human_Liver_18w_5657.fastq.gz	NA	U
Human_Liver_18w_5948	Human_UCSC.hg38_GencodeComprehensive46	CordosoMoreira_Fastq/Human_Liver_18w_5948.fastq.gz	NA	U
Human_Testis_18w_5653	Human_UCSC.hg38_GencodeComprehensive46	CordosoMoreira_Fastq/Human_Testis_18w_5653.fastq.gz	NA	U
Human_Brain_20w_5668	Human_UCSC.hg38_GencodeComprehensive46	CordosoMoreira_Fastq/Human_Brain_20w_5668.fastq.gz	NA	U
Human_Kidney_20w_5771	Human_UCSC.hg38_GencodeComprehensive46	CordosoMoreira_Fastq/Human_Kidney_20w_5771.fastq.gz	NA	U
Human_Liver_20w_5773	Human_UCSC.hg38_GencodeComprehensive46	CordosoMoreira_Fastq/Human_Liver_20w_5773.fastq.gz	NA	U
Human_Heart_CS13_3588	Human_UCSC.hg38_GencodeComprehensive46	CordosoMoreira_Fastq/Human_Heart_CS13_3588.fastq.gz	NA	U
Human_Liver_CS13_3589	Human_UCSC.hg38_GencodeComprehensive46	CordosoMoreira_Fastq/Human_Liver_CS13_3589.fastq.gz	NA	U
Human_Liver_4w_5626	Human_UCSC.hg38_GencodeComprehensive46	CordosoMoreira_Fastq/Human_Liver_4w_5626.fastq.gz	NA	U
Human_Ovary_4w_5914	Human_UCSC.hg38_GencodeComprehensive46	CordosoMoreira_Fastq/Human_Ovary_4w_5914.fastq.gz	NA	U
Human_Forebrain_CS16_3669	Human_UCSC.hg38_GencodeComprehensive46	CordosoMoreira_Fastq/Human_Forebrain_CS16_3669.fastq.gz	NA	U
Human_Heart_5w_5642	Human_UCSC.hg38_GencodeComprehensive46	CordosoMoreira_Fastq/Human_Heart_5w_5642.fastq.gz	NA	U
Human_Testis_5w_5958	Human_UCSC.hg38_GencodeComprehensive46	CordosoMoreira_Fastq/Human_Testis_5w_5958.fastq.gz	NA	U
Human_Heart_CS18_2088	Human_UCSC.hg38_GencodeComprehensive46	CordosoMoreira_Fastq/Human_Heart_CS18_2088.fastq.gz	NA	U
Human_Heart_CS17_3675	Human_UCSC.hg38_GencodeComprehensive46	CordosoMoreira_Fastq/Human_Heart_CS17_3675.fastq.gz	NA	U
Human_Hindbrain_6w_5742	Human_UCSC.hg38_GencodeComprehensive46	CordosoMoreira_Fastq/Human_Hindbrain_6w_5742.fastq.gz	NA	U
Human_Kidney_6w_5650	Human_UCSC.hg38_GencodeComprehensive46	CordosoMoreira_Fastq/Human_Kidney_6w_5650.fastq.gz	NA	U
Human_Ovary_6w_5639	Human_UCSC.hg38_GencodeComprehensive46	CordosoMoreira_Fastq/Human_Ovary_6w_5639.fastq.gz	NA	U
Human_Forebrain_CS20_3571	Human_UCSC.hg38_GencodeComprehensive46	CordosoMoreira_Fastq/Human_Forebrain_CS20_3571.fastq.gz	NA	U
Human_Heart_CS21_3638	Human_UCSC.hg38_GencodeComprehensive46	CordosoMoreira_Fastq/Human_Heart_CS21_3638.fastq.gz	NA	U
Human_Hindbrain_CS21_2029	Human_UCSC.hg38_GencodeComprehensive46	CordosoMoreira_Fastq/Human_Hindbrain_CS21_2029.fastq.gz	NA	U
Human_Hindbrain_CS21_3637	Human_UCSC.hg38_GencodeComprehensive46	CordosoMoreira_Fastq/Human_Hindbrain_CS21_3637.fastq.gz	NA	U
Human_Testis_CS21_3640	Human_UCSC.hg38_GencodeComprehensive46	CordosoMoreira_Fastq/Human_Testis_CS21_3640.fastq.gz	NA	U
Human_Testis_CS19_3642	Human_UCSC.hg38_GencodeComprehensive46	CordosoMoreira_Fastq/Human_Testis_CS19_3642.fastq.gz	NA	U
Human_Brain_CS23_2080	Human_UCSC.hg38_GencodeComprehensive46	CordosoMoreira_Fastq/Human_Brain_CS23_2080.fastq.gz	NA	U
Human_Brain_CS23_2086	Human_UCSC.hg38_GencodeComprehensive46	CordosoMoreira_Fastq/Human_Brain_CS23_2086.fastq.gz	NA	U
Human_Hindbrain_CS22_2033	Human_UCSC.hg38_GencodeComprehensive46	CordosoMoreira_Fastq/Human_Hindbrain_CS22_2033.fastq.gz	NA	U
Human_Kidney_CS22_5645	Human_UCSC.hg38_GencodeComprehensive46	CordosoMoreira_Fastq/Human_Kidney_CS22_5645.fastq.gz	NA	U
Human_Liver_CS22_2016	Human_UCSC.hg38_GencodeComprehensive46	CordosoMoreira_Fastq/Human_Liver_CS22_2016.fastq.gz	NA	U
Human_Liver_CS22_2017	Human_UCSC.hg38_GencodeComprehensive46	CordosoMoreira_Fastq/Human_Liver_CS22_2017.fastq.gz	NA	U
Human_Testis_CS23_1991	Human_UCSC.hg38_GencodeComprehensive46	CordosoMoreira_Fastq/Human_Testis_CS23_1991.fastq.gz	NA	U
Human_Forebrain_9w_2050	Human_UCSC.hg38_GencodeComprehensive46	CordosoMoreira_Fastq/Human_Forebrain_9w_2050.fastq.gz	NA	U
Human_Brain_9w_2068	Human_UCSC.hg38_GencodeComprehensive46	CordosoMoreira_Fastq/Human_Brain_9w_2068.fastq.gz	NA	U
Human_Hindbrain_9w_2040	Human_UCSC.hg38_GencodeComprehensive46	CordosoMoreira_Fastq/Human_Hindbrain_9w_2040.fastq.gz	NA	U
Human_Liver_9w_2072	Human_UCSC.hg38_GencodeComprehensive46	CordosoMoreira_Fastq/Human_Liver_9w_2072.fastq.gz	NA	U
Human_Ovary_9w_2052	Human_UCSC.hg38_GencodeComprehensive46	CordosoMoreira_Fastq/Human_Ovary_9w_2052.fastq.gz	NA	U
Human_Testis_9w_2074	Human_UCSC.hg38_GencodeComprehensive46	CordosoMoreira_Fastq/Human_Testis_9w_2074.fastq.gz	NA	U
Human_Testis_9w_5926	Human_UCSC.hg38_GencodeComprehensive46	CordosoMoreira_Fastq/Human_Testis_9w_5926.fastq.gz	NA	U
Human_Brain_16ypb_5532	Human_UCSC.hg38_GencodeComprehensive46	CordosoMoreira_Fastq/Human_Brain_16ypb_5532.fastq.gz	NA	U
Human_Liver_17ypb_5575	Human_UCSC.hg38_GencodeComprehensive46	CordosoMoreira_Fastq/Human_Liver_17ypb_5575.fastq.gz	NA	U
Human_Testis_17ypb_5546	Human_UCSC.hg38_GencodeComprehensive46	CordosoMoreira_Fastq/Human_Testis_17ypb_5546.fastq.gz	NA	U
Human_Brain_58ypb_5514	Human_UCSC.hg38_GencodeComprehensive46	CordosoMoreira_Fastq/Human_Brain_58ypb_5514.fastq.gz	NA	U
Human_Cerebellum_58ypb_5525	Human_UCSC.hg38_GencodeComprehensive46	CordosoMoreira_Fastq/Human_Cerebellum_58ypb_5525.fastq.gz	NA	U
Human_Cerebellum_58ypb_5573	Human_UCSC.hg38_GencodeComprehensive46	CordosoMoreira_Fastq/Human_Cerebellum_58ypb_5573.fastq.gz	NA	U
Human_Testis_55ypb_5518	Human_UCSC.hg38_GencodeComprehensive46	CordosoMoreira_Fastq/Human_Testis_55ypb_5518.fastq.gz	NA	U
Human_Heart_127dpb_5836	Human_UCSC.hg38_GencodeComprehensive46	CordosoMoreira_Fastq/Human_Heart_127dpb_5836.fastq.gz	NA	U
Human_Cerebellum_270dpb_5568	Human_UCSC.hg38_GencodeComprehensive46	CordosoMoreira_Fastq/Human_Cerebellum_270dpb_5568.fastq.gz	NA	U
Human_Cerebellum_6mpb_5849	Human_UCSC.hg38_GencodeComprehensive46	CordosoMoreira_Fastq/Human_Cerebellum_6mpb_5849.fastq.gz	NA	U
Human_Kidney_6mpb_6104	Human_UCSC.hg38_GencodeComprehensive46	CordosoMoreira_Fastq/Human_Kidney_6mpb_6104.fastq.gz	NA	U
Human_Testis_270dpb_5523	Human_UCSC.hg38_GencodeComprehensive46	CordosoMoreira_Fastq/Human_Testis_270dpb_5523.fastq.gz	NA	U
Human_Testis_221dpb_5560	Human_UCSC.hg38_GencodeComprehensive46	CordosoMoreira_Fastq/Human_Testis_221dpb_5560.fastq.gz	NA	U
Human_Testis_6mpb_6102	Human_UCSC.hg38_GencodeComprehensive46	CordosoMoreira_Fastq/Human_Testis_6mpb_6102.fastq.gz	NA	U
Human_Brain_50ypb_5517	Human_UCSC.hg38_GencodeComprehensive46	CordosoMoreira_Fastq/Human_Brain_50ypb_5517.fastq.gz	NA	U
Human_Brain_53ypb_5557	Human_UCSC.hg38_GencodeComprehensive46	CordosoMoreira_Fastq/Human_Brain_53ypb_5557.fastq.gz	NA	U
Human_Cerebellum_53ypb_5516	Human_UCSC.hg38_GencodeComprehensive46	CordosoMoreira_Fastq/Human_Cerebellum_53ypb_5516.fastq.gz	NA	U
Human_Cerebellum_50ypb_5549	Human_UCSC.hg38_GencodeComprehensive46	CordosoMoreira_Fastq/Human_Cerebellum_50ypb_5549.fastq.gz	NA	U
Human_Brain_15dpb_5894	Human_UCSC.hg38_GencodeComprehensive46	CordosoMoreira_Fastq/Human_Brain_15dpb_5894.fastq.gz	NA	U
Human_Heart_6dpb_5850	Human_UCSC.hg38_GencodeComprehensive46	CordosoMoreira_Fastq/Human_Heart_6dpb_5850.fastq.gz	NA	U
Human_Cerebellum_15dpb_5519	Human_UCSC.hg38_GencodeComprehensive46	CordosoMoreira_Fastq/Human_Cerebellum_15dpb_5519.fastq.gz	NA	U
Human_Cerebellum_0dpb_5842	Human_UCSC.hg38_GencodeComprehensive46	CordosoMoreira_Fastq/Human_Cerebellum_0dpb_5842.fastq.gz	NA	U
Human_Cerebellum_0dpb_5848	Human_UCSC.hg38_GencodeComprehensive46	CordosoMoreira_Fastq/Human_Cerebellum_0dpb_5848.fastq.gz	NA	U
Human_Kidney_34dpb_5834	Human_UCSC.hg38_GencodeComprehensive46	CordosoMoreira_Fastq/Human_Kidney_34dpb_5834.fastq.gz	NA	U
Human_Liver_15dpb_5548	Human_UCSC.hg38_GencodeComprehensive46	CordosoMoreira_Fastq/Human_Liver_15dpb_5548.fastq.gz	NA	U
Human_Brain_8ypb_5537	Human_UCSC.hg38_GencodeComprehensive46	CordosoMoreira_Fastq/Human_Brain_8ypb_5537.fastq.gz	NA	U
Human_Brain_7ypb_5569	Human_UCSC.hg38_GencodeComprehensive46	CordosoMoreira_Fastq/Human_Brain_7ypb_5569.fastq.gz	NA	U
Human_Cerebellum_8ypb_5562	Human_UCSC.hg38_GencodeComprehensive46	CordosoMoreira_Fastq/Human_Cerebellum_8ypb_5562.fastq.gz	NA	U
Human_Brain_2ypb_5543	Human_UCSC.hg38_GencodeComprehensive46	CordosoMoreira_Fastq/Human_Brain_2ypb_5543.fastq.gz	NA	U
Human_Brain_4ypb_5904	Human_UCSC.hg38_GencodeComprehensive46	CordosoMoreira_Fastq/Human_Brain_4ypb_5904.fastq.gz	NA	U
Human_Heart_2ypb_5839	Human_UCSC.hg38_GencodeComprehensive46	CordosoMoreira_Fastq/Human_Heart_2ypb_5839.fastq.gz	NA	U
Human_Brain_29ypb_5531	Human_UCSC.hg38_GencodeComprehensive46	CordosoMoreira_Fastq/Human_Brain_29ypb_5531.fastq.gz	NA	U
Human_Brain_29ypb_5908	Human_UCSC.hg38_GencodeComprehensive46	CordosoMoreira_Fastq/Human_Brain_29ypb_5908.fastq.gz	NA	U
Human_Cerebellum_29ypb_5520	Human_UCSC.hg38_GencodeComprehensive46	CordosoMoreira_Fastq/Human_Cerebellum_29ypb_5520.fastq.gz	NA	U
Human_Testis_28ypb_6107	Human_UCSC.hg38_GencodeComprehensive46	CordosoMoreira_Fastq/Human_Testis_28ypb_6107.fastq.gz	NA	U
Human_Testis_39ypb_5550	Human_UCSC.hg38_GencodeComprehensive46	CordosoMoreira_Fastq/Human_Testis_39ypb_5550.fastq.gz	NA	U
Human_Liver_10w_3654	Human_UCSC.hg38_GencodeComprehensive46	CordosoMoreira_Fastq/Human_Liver_10w_3654.fastq.gz	NA	U
Human_Ovary_10w_2095	Human_UCSC.hg38_GencodeComprehensive46	CordosoMoreira_Fastq/Human_Ovary_10w_2095.fastq.gz	NA	U
Human_Forebrain_11w_5952	Human_UCSC.hg38_GencodeComprehensive46	CordosoMoreira_Fastq/Human_Forebrain_11w_5952.fastq.gz	NA	U
Human_Heart_11w_2113	Human_UCSC.hg38_GencodeComprehensive46	CordosoMoreira_Fastq/Human_Heart_11w_2113.fastq.gz	NA	U
Human_Heart_11w_3643	Human_UCSC.hg38_GencodeComprehensive46	CordosoMoreira_Fastq/Human_Heart_11w_3643.fastq.gz	NA	U
Human_Hindbrain_11w_2048	Human_UCSC.hg38_GencodeComprehensive46	CordosoMoreira_Fastq/Human_Hindbrain_11w_2048.fastq.gz	NA	U
Human_Cerebellum_11w_2096	Human_UCSC.hg38_GencodeComprehensive46	CordosoMoreira_Fastq/Human_Cerebellum_11w_2096.fastq.gz	NA	U
Human_Hindbrain_11w_3668	Human_UCSC.hg38_GencodeComprehensive46	CordosoMoreira_Fastq/Human_Hindbrain_11w_3668.fastq.gz	NA	U
Human_Kidney_11w_1439	Human_UCSC.hg38_GencodeComprehensive46	CordosoMoreira_Fastq/Human_Kidney_11w_1439.fastq.gz	NA	U
Human_Kidney_11w_5647	Human_UCSC.hg38_GencodeComprehensive46	CordosoMoreira_Fastq/Human_Kidney_11w_5647.fastq.gz	NA	U
Human_Liver_11w_2112	Human_UCSC.hg38_GencodeComprehensive46	CordosoMoreira_Fastq/Human_Liver_11w_2112.fastq.gz	NA	U
Human_Ovary_11w_3644	Human_UCSC.hg38_GencodeComprehensive46	CordosoMoreira_Fastq/Human_Ovary_11w_3644.fastq.gz	NA	U
Human_Testis_11w_2110	Human_UCSC.hg38_GencodeComprehensive46	CordosoMoreira_Fastq/Human_Testis_11w_2110.fastq.gz	NA	U
Human_Testis_11w_5934	Human_UCSC.hg38_GencodeComprehensive46	CordosoMoreira_Fastq/Human_Testis_11w_5934.fastq.gz	NA	U
Human_Hindbrain_12w_5722	Human_UCSC.hg38_GencodeComprehensive46	CordosoMoreira_Fastq/Human_Hindbrain_12w_5722.fastq.gz	NA	U
Human_Liver_12w_3776	Human_UCSC.hg38_GencodeComprehensive46	CordosoMoreira_Fastq/Human_Liver_12w_3776.fastq.gz	NA	U
Human_Ovary_12w_3774	Human_UCSC.hg38_GencodeComprehensive46	CordosoMoreira_Fastq/Human_Ovary_12w_3774.fastq.gz	NA	U
Human_Ovary_12w_5936	Human_UCSC.hg38_GencodeComprehensive46	CordosoMoreira_Fastq/Human_Ovary_12w_5936.fastq.gz	NA	U
Human_Testis_12w_5935	Human_UCSC.hg38_GencodeComprehensive46	CordosoMoreira_Fastq/Human_Testis_12w_5935.fastq.gz	NA	U
Human_Forebrain_13w_5955	Human_UCSC.hg38_GencodeComprehensive46	CordosoMoreira_Fastq/Human_Forebrain_13w_5955.fastq.gz	NA	U
Human_Heart_13w_5659	Human_UCSC.hg38_GencodeComprehensive46	CordosoMoreira_Fastq/Human_Heart_13w_5659.fastq.gz	NA	U
Human_Heart_13w_5938	Human_UCSC.hg38_GencodeComprehensive46	CordosoMoreira_Fastq/Human_Heart_13w_5938.fastq.gz	NA	U
Human_Hindbrain_13w_5724	Human_UCSC.hg38_GencodeComprehensive46	CordosoMoreira_Fastq/Human_Hindbrain_13w_5724.fastq.gz	NA	U
Human_Kidney_13w_5697	Human_UCSC.hg38_GencodeComprehensive46	CordosoMoreira_Fastq/Human_Kidney_13w_5697.fastq.gz	NA	U
Human_Testis_13w_5716	Human_UCSC.hg38_GencodeComprehensive46	CordosoMoreira_Fastq/Human_Testis_13w_5716.fastq.gz	NA	U
Human_Testis_13w_5937	Human_UCSC.hg38_GencodeComprehensive46	CordosoMoreira_Fastq/Human_Testis_13w_5937.fastq.gz	NA	U
Human_Heart_16w_5700	Human_UCSC.hg38_GencodeComprehensive46	CordosoMoreira_Fastq/Human_Heart_16w_5700.fastq.gz	NA	U
Human_Heart_16w_5701	Human_UCSC.hg38_GencodeComprehensive46	CordosoMoreira_Fastq/Human_Heart_16w_5701.fastq.gz	NA	U
Human_Hindbrain_16w_5956	Human_UCSC.hg38_GencodeComprehensive46	CordosoMoreira_Fastq/Human_Hindbrain_16w_5956.fastq.gz	NA	U
Human_Kidney_16w_5698	Human_UCSC.hg38_GencodeComprehensive46	CordosoMoreira_Fastq/Human_Kidney_16w_5698.fastq.gz	NA	U
Human_Liver_16w_5656	Human_UCSC.hg38_GencodeComprehensive46	CordosoMoreira_Fastq/Human_Liver_16w_5656.fastq.gz	NA	U
Human_Testis_16w_5694	Human_UCSC.hg38_GencodeComprehensive46	CordosoMoreira_Fastq/Human_Testis_16w_5694.fastq.gz	NA	U
Human_Heart_18w_5660	Human_UCSC.hg38_GencodeComprehensive46	CordosoMoreira_Fastq/Human_Heart_18w_5660.fastq.gz	NA	U
Human_Kidney_18w_5662	Human_UCSC.hg38_GencodeComprehensive46	CordosoMoreira_Fastq/Human_Kidney_18w_5662.fastq.gz	NA	U
Human_Ovary_18w_5674	Human_UCSC.hg38_GencodeComprehensive46	CordosoMoreira_Fastq/Human_Ovary_18w_5674.fastq.gz	NA	U
Human_Brain_19w_5782	Human_UCSC.hg38_GencodeComprehensive46	CordosoMoreira_Fastq/Human_Brain_19w_5782.fastq.gz	NA	U
Human_Brain_19w_5960	Human_UCSC.hg38_GencodeComprehensive46	CordosoMoreira_Fastq/Human_Brain_19w_5960.fastq.gz	NA	U
Human_Brain_20w_5770	Human_UCSC.hg38_GencodeComprehensive46	CordosoMoreira_Fastq/Human_Brain_20w_5770.fastq.gz	NA	U
Human_Heart_19w_5780	Human_UCSC.hg38_GencodeComprehensive46	CordosoMoreira_Fastq/Human_Heart_19w_5780.fastq.gz	NA	U
Human_Kidney_19w_5779	Human_UCSC.hg38_GencodeComprehensive46	CordosoMoreira_Fastq/Human_Kidney_19w_5779.fastq.gz	NA	U
Human_Liver_19w_5769	Human_UCSC.hg38_GencodeComprehensive46	CordosoMoreira_Fastq/Human_Liver_19w_5769.fastq.gz	NA	U
Human_Liver_19w_5781	Human_UCSC.hg38_GencodeComprehensive46	CordosoMoreira_Fastq/Human_Liver_19w_5781.fastq.gz	NA	U
Human_Testis_19w_5778	Human_UCSC.hg38_GencodeComprehensive46	CordosoMoreira_Fastq/Human_Testis_19w_5778.fastq.gz	NA	U
Human_Forebrain_CS13_3587	Human_UCSC.hg38_GencodeComprehensive46	CordosoMoreira_Fastq/Human_Forebrain_CS13_3587.fastq.gz	NA	U
Human_Forebrain_4w_5624	Human_UCSC.hg38_GencodeComprehensive46	CordosoMoreira_Fastq/Human_Forebrain_4w_5624.fastq.gz	NA	U
Human_Forebrain_4w_6096	Human_UCSC.hg38_GencodeComprehensive46	CordosoMoreira_Fastq/Human_Forebrain_4w_6096.fastq.gz	NA	U
Human_Heart_CS14_3586	Human_UCSC.hg38_GencodeComprehensive46	CordosoMoreira_Fastq/Human_Heart_CS14_3586.fastq.gz	NA	U
Human_Hindbrain_4w_5622	Human_UCSC.hg38_GencodeComprehensive46	CordosoMoreira_Fastq/Human_Hindbrain_4w_5622.fastq.gz	NA	U
Human_Hindbrain_4w_5625	Human_UCSC.hg38_GencodeComprehensive46	CordosoMoreira_Fastq/Human_Hindbrain_4w_5625.fastq.gz	NA	U
Human_Hindbrain_4w_6097	Human_UCSC.hg38_GencodeComprehensive46	CordosoMoreira_Fastq/Human_Hindbrain_4w_6097.fastq.gz	NA	U
Human_Liver_4w_5910	Human_UCSC.hg38_GencodeComprehensive46	CordosoMoreira_Fastq/Human_Liver_4w_5910.fastq.gz	NA	U
Human_Forebrain_5w_5628	Human_UCSC.hg38_GencodeComprehensive46	CordosoMoreira_Fastq/Human_Forebrain_5w_5628.fastq.gz	NA	U
Human_Heart_CS16_3671	Human_UCSC.hg38_GencodeComprehensive46	CordosoMoreira_Fastq/Human_Heart_CS16_3671.fastq.gz	NA	U
Human_Hindbrain_CS16_3670	Human_UCSC.hg38_GencodeComprehensive46	CordosoMoreira_Fastq/Human_Hindbrain_CS16_3670.fastq.gz	NA	U
Human_Hindbrain_5w_5635	Human_UCSC.hg38_GencodeComprehensive46	CordosoMoreira_Fastq/Human_Hindbrain_5w_5635.fastq.gz	NA	U
Human_Kidney_5w_5717	Human_UCSC.hg38_GencodeComprehensive46	CordosoMoreira_Fastq/Human_Kidney_5w_5717.fastq.gz	NA	U
Human_Liver_5w_5629	Human_UCSC.hg38_GencodeComprehensive46	CordosoMoreira_Fastq/Human_Liver_5w_5629.fastq.gz	NA	U
Human_Liver_5w_5640	Human_UCSC.hg38_GencodeComprehensive46	CordosoMoreira_Fastq/Human_Liver_5w_5640.fastq.gz	NA	U
Human_Testis_5w_5916	Human_UCSC.hg38_GencodeComprehensive46	CordosoMoreira_Fastq/Human_Testis_5w_5916.fastq.gz	NA	U
Human_Hindbrain_CS18_3672	Human_UCSC.hg38_GencodeComprehensive46	CordosoMoreira_Fastq/Human_Hindbrain_CS18_3672.fastq.gz	NA	U
Human_Hindbrain_CS17_3674	Human_UCSC.hg38_GencodeComprehensive46	CordosoMoreira_Fastq/Human_Hindbrain_CS17_3674.fastq.gz	NA	U
Human_Liver_CS17_3676	Human_UCSC.hg38_GencodeComprehensive46	CordosoMoreira_Fastq/Human_Liver_CS17_3676.fastq.gz	NA	U
Human_Heart_CS20_3573	Human_UCSC.hg38_GencodeComprehensive46	CordosoMoreira_Fastq/Human_Heart_CS20_3573.fastq.gz	NA	U
Human_Kidney_7w_5675	Human_UCSC.hg38_GencodeComprehensive46	CordosoMoreira_Fastq/Human_Kidney_7w_5675.fastq.gz	NA	U
Human_Liver_CS20_3574	Human_UCSC.hg38_GencodeComprehensive46	CordosoMoreira_Fastq/Human_Liver_CS20_3574.fastq.gz	NA	U
Human_Liver_CS21_3639	Human_UCSC.hg38_GencodeComprehensive46	CordosoMoreira_Fastq/Human_Liver_CS21_3639.fastq.gz	NA	U
Human_Ovary_7w_5920	Human_UCSC.hg38_GencodeComprehensive46	CordosoMoreira_Fastq/Human_Ovary_7w_5920.fastq.gz	NA	U
Human_Testis_CS21_2015	Human_UCSC.hg38_GencodeComprehensive46	CordosoMoreira_Fastq/Human_Testis_CS21_2015.fastq.gz	NA	U
Human_Forebrain_CS22_2034	Human_UCSC.hg38_GencodeComprehensive46	CordosoMoreira_Fastq/Human_Forebrain_CS22_2034.fastq.gz	NA	U
Human_Heart_CS22_2030	Human_UCSC.hg38_GencodeComprehensive46	CordosoMoreira_Fastq/Human_Heart_CS22_2030.fastq.gz	NA	U
Human_Heart_CS22_2032	Human_UCSC.hg38_GencodeComprehensive46	CordosoMoreira_Fastq/Human_Heart_CS22_2032.fastq.gz	NA	U
Human_Hindbrain_CS23_2082	Human_UCSC.hg38_GencodeComprehensive46	CordosoMoreira_Fastq/Human_Hindbrain_CS23_2082.fastq.gz	NA	U
Human_Hindbrain_8w_2036	Human_UCSC.hg38_GencodeComprehensive46	CordosoMoreira_Fastq/Human_Hindbrain_8w_2036.fastq.gz	NA	U
Human_Kidney_CS23_5676	Human_UCSC.hg38_GencodeComprehensive46	CordosoMoreira_Fastq/Human_Kidney_CS23_5676.fastq.gz	NA	U
Human_Ovary_CS22_2018	Human_UCSC.hg38_GencodeComprehensive46	CordosoMoreira_Fastq/Human_Ovary_CS22_2018.fastq.gz	NA	U
Human_Ovary_CS23_2083	Human_UCSC.hg38_GencodeComprehensive46	CordosoMoreira_Fastq/Human_Ovary_CS23_2083.fastq.gz	NA	U
Human_Testis_CS22_1990	Human_UCSC.hg38_GencodeComprehensive46	CordosoMoreira_Fastq/Human_Testis_CS22_1990.fastq.gz	NA	U
Human_Heart_9w_2051	Human_UCSC.hg38_GencodeComprehensive46	CordosoMoreira_Fastq/Human_Heart_9w_2051.fastq.gz	NA	U
Human_Heart_9w_2071	Human_UCSC.hg38_GencodeComprehensive46	CordosoMoreira_Fastq/Human_Heart_9w_2071.fastq.gz	NA	U
Human_Hindbrain_9w_2054	Human_UCSC.hg38_GencodeComprehensive46	CordosoMoreira_Fastq/Human_Hindbrain_9w_2054.fastq.gz	NA	U
Human_Kidney_9w_5680	Human_UCSC.hg38_GencodeComprehensive46	CordosoMoreira_Fastq/Human_Kidney_9w_5680.fastq.gz	NA	U
Human_Liver_9w_2022	Human_UCSC.hg38_GencodeComprehensive46	CordosoMoreira_Fastq/Human_Liver_9w_2022.fastq.gz	NA	U
Human_Brain_14ypb_5515	Human_UCSC.hg38_GencodeComprehensive46	CordosoMoreira_Fastq/Human_Brain_14ypb_5515.fastq.gz	NA	U
Human_Brain_17ypb_5553	Human_UCSC.hg38_GencodeComprehensive46	CordosoMoreira_Fastq/Human_Brain_17ypb_5553.fastq.gz	NA	U
Human_Heart_13ypb_5822	Human_UCSC.hg38_GencodeComprehensive46	CordosoMoreira_Fastq/Human_Heart_13ypb_5822.fastq.gz	NA	U
Human_Cerebellum_16ypb_5534	Human_UCSC.hg38_GencodeComprehensive46	CordosoMoreira_Fastq/Human_Cerebellum_16ypb_5534.fastq.gz	NA	U
Human_Cerebellum_14ypb_5545	Human_UCSC.hg38_GencodeComprehensive46	CordosoMoreira_Fastq/Human_Cerebellum_14ypb_5545.fastq.gz	NA	U
Human_Testis_16ypb_5526	Human_UCSC.hg38_GencodeComprehensive46	CordosoMoreira_Fastq/Human_Testis_16ypb_5526.fastq.gz	NA	U
Human_Testis_14ypb_5564	Human_UCSC.hg38_GencodeComprehensive46	CordosoMoreira_Fastq/Human_Testis_14ypb_5564.fastq.gz	NA	U
Human_Brain_58ypb_5524	Human_UCSC.hg38_GencodeComprehensive46	CordosoMoreira_Fastq/Human_Brain_58ypb_5524.fastq.gz	NA	U
Human_Brain_271dpb_5521	Human_UCSC.hg38_GencodeComprehensive46	CordosoMoreira_Fastq/Human_Brain_271dpb_5521.fastq.gz	NA	U
Human_Heart_6mpb_5828	Human_UCSC.hg38_GencodeComprehensive46	CordosoMoreira_Fastq/Human_Heart_6mpb_5828.fastq.gz	NA	U
Human_Heart_6mpb_5909	Human_UCSC.hg38_GencodeComprehensive46	CordosoMoreira_Fastq/Human_Heart_6mpb_5909.fastq.gz	NA	U
Human_Cerebellum_221dpb_5555	Human_UCSC.hg38_GencodeComprehensive46	CordosoMoreira_Fastq/Human_Cerebellum_221dpb_5555.fastq.gz	NA	U
Human_Kidney_226dpb_5819	Human_UCSC.hg38_GencodeComprehensive46	CordosoMoreira_Fastq/Human_Kidney_226dpb_5819.fastq.gz	NA	U
Human_Kidney_6mpb_6103	Human_UCSC.hg38_GencodeComprehensive46	CordosoMoreira_Fastq/Human_Kidney_6mpb_6103.fastq.gz	NA	U
Human_Liver_221dpb_5528	Human_UCSC.hg38_GencodeComprehensive46	CordosoMoreira_Fastq/Human_Liver_221dpb_5528.fastq.gz	NA	U
Human_Liver_271dpb_5552	Human_UCSC.hg38_GencodeComprehensive46	CordosoMoreira_Fastq/Human_Liver_271dpb_5552.fastq.gz	NA	U
Human_Liver_55ypb_6106	Human_UCSC.hg38_GencodeComprehensive46	CordosoMoreira_Fastq/Human_Liver_55ypb_6106.fastq.gz	NA	U
Human_Testis_46ypb_6095	Human_UCSC.hg38_GencodeComprehensive46	CordosoMoreira_Fastq/Human_Testis_46ypb_6095.fastq.gz	NA	U
Human_Cerebellum_19dpb_5527	Human_UCSC.hg38_GencodeComprehensive46	CordosoMoreira_Fastq/Human_Cerebellum_19dpb_5527.fastq.gz	NA	U
Human_Kidney_18dpb_6098	Human_UCSC.hg38_GencodeComprehensive46	CordosoMoreira_Fastq/Human_Kidney_18dpb_6098.fastq.gz	NA	U
Human_Cerebellum_2ypb_5559	Human_UCSC.hg38_GencodeComprehensive46	CordosoMoreira_Fastq/Human_Cerebellum_2ypb_5559.fastq.gz	NA	U
Human_Kidney_2ypb_5821	Human_UCSC.hg38_GencodeComprehensive46	CordosoMoreira_Fastq/Human_Kidney_2ypb_5821.fastq.gz	NA	U
Human_Brain_39ypb_5533	Human_UCSC.hg38_GencodeComprehensive46	CordosoMoreira_Fastq/Human_Brain_39ypb_5533.fastq.gz	NA	U
Human_Brain_39ypb_5574	Human_UCSC.hg38_GencodeComprehensive46	CordosoMoreira_Fastq/Human_Brain_39ypb_5574.fastq.gz	NA	U
Human_Heart_25ypb_6042	Human_UCSC.hg38_GencodeComprehensive46	CordosoMoreira_Fastq/Human_Heart_25ypb_6042.fastq.gz	NA	U
Human_Cerebellum_32ypb_6047	Human_UCSC.hg38_GencodeComprehensive46	CordosoMoreira_Fastq/Human_Cerebellum_32ypb_6047.fastq.gz	NA	U
Human_Cerebellum_39ypb_5522	Human_UCSC.hg38_GencodeComprehensive46	CordosoMoreira_Fastq/Human_Cerebellum_39ypb_5522.fastq.gz	NA	U
Human_Liver_29ypb_5536	Human_UCSC.hg38_GencodeComprehensive46	CordosoMoreira_Fastq/Human_Liver_29ypb_5536.fastq.gz	NA	U
Human_Testis_29ypb_5535	Human_UCSC.hg38_GencodeComprehensive46	CordosoMoreira_Fastq/Human_Testis_29ypb_5535.fastq.gz	NA	U
Human_Testis_29ypb_5566	Human_UCSC.hg38_GencodeComprehensive46	CordosoMoreira_Fastq/Human_Testis_29ypb_5566.fastq.gz	NA	U
Human_Forebrain_10w_5664	Human_UCSC.hg38_GencodeComprehensive46	CordosoMoreira_Fastq/Human_Forebrain_10w_5664.fastq.gz	NA	U
Human_Heart_10w_2092	Human_UCSC.hg38_GencodeComprehensive46	CordosoMoreira_Fastq/Human_Heart_10w_2092.fastq.gz	NA	U
Human_Heart_10w_3777	Human_UCSC.hg38_GencodeComprehensive46	CordosoMoreira_Fastq/Human_Heart_10w_3777.fastq.gz	NA	U
Human_Hindbrain_10w_3653	Human_UCSC.hg38_GencodeComprehensive46	CordosoMoreira_Fastq/Human_Hindbrain_10w_3653.fastq.gz	NA	U
Human_Kidney_10w_5709	Human_UCSC.hg38_GencodeComprehensive46	CordosoMoreira_Fastq/Human_Kidney_10w_5709.fastq.gz	NA	U
Human_Kidney_10w_5930	Human_UCSC.hg38_GencodeComprehensive46	CordosoMoreira_Fastq/Human_Kidney_10w_5930.fastq.gz	NA	U
Human_Liver_10w_2025	Human_UCSC.hg38_GencodeComprehensive46	CordosoMoreira_Fastq/Human_Liver_10w_2025.fastq.gz	NA	U
Human_Ovary_10w_5677	Human_UCSC.hg38_GencodeComprehensive46	CordosoMoreira_Fastq/Human_Ovary_10w_5677.fastq.gz	NA	U
Human_Testis_10w_1988	Human_UCSC.hg38_GencodeComprehensive46	CordosoMoreira_Fastq/Human_Testis_10w_1988.fastq.gz	NA	U
Human_Testis_10w_3655	Human_UCSC.hg38_GencodeComprehensive46	CordosoMoreira_Fastq/Human_Testis_10w_3655.fastq.gz	NA	U
Human_Forebrain_11w_2047	Human_UCSC.hg38_GencodeComprehensive46	CordosoMoreira_Fastq/Human_Forebrain_11w_2047.fastq.gz	NA	U
Human_Forebrain_11w_2111	Human_UCSC.hg38_GencodeComprehensive46	CordosoMoreira_Fastq/Human_Forebrain_11w_2111.fastq.gz	NA	U
Human_Forebrain_11w_5953	Human_UCSC.hg38_GencodeComprehensive46	CordosoMoreira_Fastq/Human_Forebrain_11w_5953.fastq.gz	NA	U
Human_Hindbrain_11w_5637	Human_UCSC.hg38_GencodeComprehensive46	CordosoMoreira_Fastq/Human_Hindbrain_11w_5637.fastq.gz	NA	U
Human_Liver_11w_2046	Human_UCSC.hg38_GencodeComprehensive46	CordosoMoreira_Fastq/Human_Liver_11w_2046.fastq.gz	NA	U
Human_Hindbrain_12w_5708	Human_UCSC.hg38_GencodeComprehensive46	CordosoMoreira_Fastq/Human_Hindbrain_12w_5708.fastq.gz	NA	U
Human_Kidney_12w_5648	Human_UCSC.hg38_GencodeComprehensive46	CordosoMoreira_Fastq/Human_Kidney_12w_5648.fastq.gz	NA	U
Human_Forebrain_13w_5939	Human_UCSC.hg38_GencodeComprehensive46	CordosoMoreira_Fastq/Human_Forebrain_13w_5939.fastq.gz	NA	U
Human_Heart_13w_5696	Human_UCSC.hg38_GencodeComprehensive46	CordosoMoreira_Fastq/Human_Heart_13w_5696.fastq.gz	NA	U
Human_Heart_13w_5942	Human_UCSC.hg38_GencodeComprehensive46	CordosoMoreira_Fastq/Human_Heart_13w_5942.fastq.gz	NA	U
Human_Hindbrain_13w_5943	Human_UCSC.hg38_GencodeComprehensive46	CordosoMoreira_Fastq/Human_Hindbrain_13w_5943.fastq.gz	NA	U
Human_Kidney_13w_5655	Human_UCSC.hg38_GencodeComprehensive46	CordosoMoreira_Fastq/Human_Kidney_13w_5655.fastq.gz	NA	U
Human_Liver_13w_5954	Human_UCSC.hg38_GencodeComprehensive46	CordosoMoreira_Fastq/Human_Liver_13w_5954.fastq.gz	NA	U
Human_Testis_13w_5940	Human_UCSC.hg38_GencodeComprehensive46	CordosoMoreira_Fastq/Human_Testis_13w_5940.fastq.gz	NA	U
Human_Forebrain_16w_5665	Human_UCSC.hg38_GencodeComprehensive46	CordosoMoreira_Fastq/Human_Forebrain_16w_5665.fastq.gz	NA	U
Human_Heart_16w_5658	Human_UCSC.hg38_GencodeComprehensive46	CordosoMoreira_Fastq/Human_Heart_16w_5658.fastq.gz	NA	U
Human_Hindbrain_16w_5671	Human_UCSC.hg38_GencodeComprehensive46	CordosoMoreira_Fastq/Human_Hindbrain_16w_5671.fastq.gz	NA	U
Human_Kidney_16w_5661	Human_UCSC.hg38_GencodeComprehensive46	CordosoMoreira_Fastq/Human_Kidney_16w_5661.fastq.gz	NA	U
Human_Kidney_16w_5687	Human_UCSC.hg38_GencodeComprehensive46	CordosoMoreira_Fastq/Human_Kidney_16w_5687.fastq.gz	NA	U
Human_Liver_16w_5654	Human_UCSC.hg38_GencodeComprehensive46	CordosoMoreira_Fastq/Human_Liver_16w_5654.fastq.gz	NA	U
Human_Ovary_16w_5673	Human_UCSC.hg38_GencodeComprehensive46	CordosoMoreira_Fastq/Human_Ovary_16w_5673.fastq.gz	NA	U
Human_Testis_16w_5652	Human_UCSC.hg38_GencodeComprehensive46	CordosoMoreira_Fastq/Human_Testis_16w_5652.fastq.gz	NA	U
Human_Testis_16w_5946	Human_UCSC.hg38_GencodeComprehensive46	CordosoMoreira_Fastq/Human_Testis_16w_5946.fastq.gz	NA	U
Human_Kidney_18w_5688	Human_UCSC.hg38_GencodeComprehensive46	CordosoMoreira_Fastq/Human_Kidney_18w_5688.fastq.gz	NA	U
Human_Liver_18w_5641	Human_UCSC.hg38_GencodeComprehensive46	CordosoMoreira_Fastq/Human_Liver_18w_5641.fastq.gz	NA	U
Human_Ovary_18w_5949	Human_UCSC.hg38_GencodeComprehensive46	CordosoMoreira_Fastq/Human_Ovary_18w_5949.fastq.gz	NA	U
Human_Brain_19w_5768	Human_UCSC.hg38_GencodeComprehensive46	CordosoMoreira_Fastq/Human_Brain_19w_5768.fastq.gz	NA	U
Human_Heart_19w_5777	Human_UCSC.hg38_GencodeComprehensive46	CordosoMoreira_Fastq/Human_Heart_19w_5777.fastq.gz	NA	U
Human_Heart_19w_5783	Human_UCSC.hg38_GencodeComprehensive46	CordosoMoreira_Fastq/Human_Heart_19w_5783.fastq.gz	NA	U
Human_Kidney_20w_5775	Human_UCSC.hg38_GencodeComprehensive46	CordosoMoreira_Fastq/Human_Kidney_20w_5775.fastq.gz	NA	U
Human_Liver_20w_5772	Human_UCSC.hg38_GencodeComprehensive46	CordosoMoreira_Fastq/Human_Liver_20w_5772.fastq.gz	NA	U
Human_KidneyTestis_4w_5911	Human_UCSC.hg38_GencodeComprehensive46	CordosoMoreira_Fastq/Human_KidneyTestis_4w_5911.fastq.gz	NA	U
Human_Liver_4w_5913	Human_UCSC.hg38_GencodeComprehensive46	CordosoMoreira_Fastq/Human_Liver_4w_5913.fastq.gz	NA	U
Human_Ovary_4w_5623	Human_UCSC.hg38_GencodeComprehensive46	CordosoMoreira_Fastq/Human_Ovary_4w_5623.fastq.gz	NA	U
Human_Testis_CS13_3590	Human_UCSC.hg38_GencodeComprehensive46	CordosoMoreira_Fastq/Human_Testis_CS13_3590.fastq.gz	NA	U
Human_Kidney_5w_5649	Human_UCSC.hg38_GencodeComprehensive46	CordosoMoreira_Fastq/Human_Kidney_5w_5649.fastq.gz	NA	U
Human_Ovary_5w_5638	Human_UCSC.hg38_GencodeComprehensive46	CordosoMoreira_Fastq/Human_Ovary_5w_5638.fastq.gz	NA	U
Human_Hindbrain_CS18_2089	Human_UCSC.hg38_GencodeComprehensive46	CordosoMoreira_Fastq/Human_Hindbrain_CS18_2089.fastq.gz	NA	U
Human_Kidney_6w_5643	Human_UCSC.hg38_GencodeComprehensive46	CordosoMoreira_Fastq/Human_Kidney_6w_5643.fastq.gz	NA	U
Human_Liver_CS18_2076	Human_UCSC.hg38_GencodeComprehensive46	CordosoMoreira_Fastq/Human_Liver_CS18_2076.fastq.gz	NA	U
Human_Testis_CS18_2090	Human_UCSC.hg38_GencodeComprehensive46	CordosoMoreira_Fastq/Human_Testis_CS18_2090.fastq.gz	NA	U
Human_Testis_CS18_3677	Human_UCSC.hg38_GencodeComprehensive46	CordosoMoreira_Fastq/Human_Testis_CS18_3677.fastq.gz	NA	U
Human_Forebrain_CS21_2026	Human_UCSC.hg38_GencodeComprehensive46	CordosoMoreira_Fastq/Human_Forebrain_CS21_2026.fastq.gz	NA	U
Human_Forebrain_CS21_3636	Human_UCSC.hg38_GencodeComprehensive46	CordosoMoreira_Fastq/Human_Forebrain_CS21_3636.fastq.gz	NA	U
Human_Heart_CS21_2027	Human_UCSC.hg38_GencodeComprehensive46	CordosoMoreira_Fastq/Human_Heart_CS21_2027.fastq.gz	NA	U
Human_Hindbrain_CS20_3572	Human_UCSC.hg38_GencodeComprehensive46	CordosoMoreira_Fastq/Human_Hindbrain_CS20_3572.fastq.gz	NA	U
Human_Kidney_7w_5644	Human_UCSC.hg38_GencodeComprehensive46	CordosoMoreira_Fastq/Human_Kidney_7w_5644.fastq.gz	NA	U
Human_Liver_CS21_2014	Human_UCSC.hg38_GencodeComprehensive46	CordosoMoreira_Fastq/Human_Liver_CS21_2014.fastq.gz	NA	U
Human_Liver_CS19_3641	Human_UCSC.hg38_GencodeComprehensive46	CordosoMoreira_Fastq/Human_Liver_CS19_3641.fastq.gz	NA	U
Human_Ovary_CS20_3575	Human_UCSC.hg38_GencodeComprehensive46	CordosoMoreira_Fastq/Human_Ovary_CS20_3575.fastq.gz	NA	U
Human_Forebrain_8w_2035	Human_UCSC.hg38_GencodeComprehensive46	CordosoMoreira_Fastq/Human_Forebrain_8w_2035.fastq.gz	NA	U
Human_Heart_CS23_1443	Human_UCSC.hg38_GencodeComprehensive46	CordosoMoreira_Fastq/Human_Heart_CS23_1443.fastq.gz	NA	U
Human_Heart_CS23_2081	Human_UCSC.hg38_GencodeComprehensive46	CordosoMoreira_Fastq/Human_Heart_CS23_2081.fastq.gz	NA	U
Human_Heart_8w_2037	Human_UCSC.hg38_GencodeComprehensive46	CordosoMoreira_Fastq/Human_Heart_8w_2037.fastq.gz	NA	U
Human_Hindbrain_CS22_2031	Human_UCSC.hg38_GencodeComprehensive46	CordosoMoreira_Fastq/Human_Hindbrain_CS22_2031.fastq.gz	NA	U
Human_Liver_CS23_2085	Human_UCSC.hg38_GencodeComprehensive46	CordosoMoreira_Fastq/Human_Liver_CS23_2085.fastq.gz	NA	U
Human_Liver_8w_2019	Human_UCSC.hg38_GencodeComprehensive46	CordosoMoreira_Fastq/Human_Liver_8w_2019.fastq.gz	NA	U
Human_Testis_8w_2020	Human_UCSC.hg38_GencodeComprehensive46	CordosoMoreira_Fastq/Human_Testis_8w_2020.fastq.gz	NA	U
Human_Brain_9w_2041	Human_UCSC.hg38_GencodeComprehensive46	CordosoMoreira_Fastq/Human_Brain_9w_2041.fastq.gz	NA	U
Human_Heart_9w_2039	Human_UCSC.hg38_GencodeComprehensive46	CordosoMoreira_Fastq/Human_Heart_9w_2039.fastq.gz	NA	U
Human_Kidney_9w_5925	Human_UCSC.hg38_GencodeComprehensive46	CordosoMoreira_Fastq/Human_Kidney_9w_5925.fastq.gz	NA	U
Human_Liver_9w_2053	Human_UCSC.hg38_GencodeComprehensive46	CordosoMoreira_Fastq/Human_Liver_9w_2053.fastq.gz	NA	U
Human_Brain_13ypb_5570	Human_UCSC.hg38_GencodeComprehensive46	CordosoMoreira_Fastq/Human_Brain_13ypb_5570.fastq.gz	NA	U
Human_Cerebellum_13ypb_5511	Human_UCSC.hg38_GencodeComprehensive46	CordosoMoreira_Fastq/Human_Cerebellum_13ypb_5511.fastq.gz	NA	U
Human_Cerebellum_17ypb_5565	Human_UCSC.hg38_GencodeComprehensive46	CordosoMoreira_Fastq/Human_Cerebellum_17ypb_5565.fastq.gz	NA	U
Human_Testis_14ypb_5561	Human_UCSC.hg38_GencodeComprehensive46	CordosoMoreira_Fastq/Human_Testis_14ypb_5561.fastq.gz	NA	U
Human_Liver_58ypb_5512	Human_UCSC.hg38_GencodeComprehensive46	CordosoMoreira_Fastq/Human_Liver_58ypb_5512.fastq.gz	NA	U
Human_Liver_58ypb_5571	Human_UCSC.hg38_GencodeComprehensive46	CordosoMoreira_Fastq/Human_Liver_58ypb_5571.fastq.gz	NA	U
Human_Brain_221dpb_5539	Human_UCSC.hg38_GencodeComprehensive46	CordosoMoreira_Fastq/Human_Brain_221dpb_5539.fastq.gz	NA	U
Human_Heart_226dpb_5818	Human_UCSC.hg38_GencodeComprehensive46	CordosoMoreira_Fastq/Human_Heart_226dpb_5818.fastq.gz	NA	U
Human_Kidney_6mpb_6105	Human_UCSC.hg38_GencodeComprehensive46	CordosoMoreira_Fastq/Human_Kidney_6mpb_6105.fastq.gz	NA	U
Human_Heart_54ypb_6043	Human_UCSC.hg38_GencodeComprehensive46	CordosoMoreira_Fastq/Human_Heart_54ypb_6043.fastq.gz	NA	U
Human_Brain_19dpb_5542	Human_UCSC.hg38_GencodeComprehensive46	CordosoMoreira_Fastq/Human_Brain_19dpb_5542.fastq.gz	NA	U
Human_Brain_4dpb_5892	Human_UCSC.hg38_GencodeComprehensive46	CordosoMoreira_Fastq/Human_Brain_4dpb_5892.fastq.gz	NA	U
Human_Heart_0dpb_5843	Human_UCSC.hg38_GencodeComprehensive46	CordosoMoreira_Fastq/Human_Heart_0dpb_5843.fastq.gz	NA	U
Human_Heart_94dpb_5905	Human_UCSC.hg38_GencodeComprehensive46	CordosoMoreira_Fastq/Human_Heart_94dpb_5905.fastq.gz	NA	U
Human_Cerebellum_4dpb_5510	Human_UCSC.hg38_GencodeComprehensive46	CordosoMoreira_Fastq/Human_Cerebellum_4dpb_5510.fastq.gz	NA	U
Human_Kidney_0dpb_5844	Human_UCSC.hg38_GencodeComprehensive46	CordosoMoreira_Fastq/Human_Kidney_0dpb_5844.fastq.gz	NA	U
Human_Liver_15dpb_5544	Human_UCSC.hg38_GencodeComprehensive46	CordosoMoreira_Fastq/Human_Liver_15dpb_5544.fastq.gz	NA	U
Human_Cerebellum_7ypb_5567	Human_UCSC.hg38_GencodeComprehensive46	CordosoMoreira_Fastq/Human_Cerebellum_7ypb_5567.fastq.gz	NA	U
Human_Cerebellum_8ypb_6046	Human_UCSC.hg38_GencodeComprehensive46	CordosoMoreira_Fastq/Human_Cerebellum_8ypb_6046.fastq.gz	NA	U
Human_Kidney_8ypb_6099	Human_UCSC.hg38_GencodeComprehensive46	CordosoMoreira_Fastq/Human_Kidney_8ypb_6099.fastq.gz	NA	U
Human_Liver_7ypb_5513	Human_UCSC.hg38_GencodeComprehensive46	CordosoMoreira_Fastq/Human_Liver_7ypb_5513.fastq.gz	NA	U
Human_Brain_4ypb_5837	Human_UCSC.hg38_GencodeComprehensive46	CordosoMoreira_Fastq/Human_Brain_4ypb_5837.fastq.gz	NA	U
Human_Heart_4ypb_6100	Human_UCSC.hg38_GencodeComprehensive46	CordosoMoreira_Fastq/Human_Heart_4ypb_6100.fastq.gz	NA	U
Human_Cerebellum_4ypb_5846	Human_UCSC.hg38_GencodeComprehensive46	CordosoMoreira_Fastq/Human_Cerebellum_4ypb_5846.fastq.gz	NA	U
Human_Kidney_4ypb_6101	Human_UCSC.hg38_GencodeComprehensive46	CordosoMoreira_Fastq/Human_Kidney_4ypb_6101.fastq.gz	NA	U
Human_Liver_2ypb_5556	Human_UCSC.hg38_GencodeComprehensive46	CordosoMoreira_Fastq/Human_Liver_2ypb_5556.fastq.gz	NA	U
Human_Testis_1ypb_5841	Human_UCSC.hg38_GencodeComprehensive46	CordosoMoreira_Fastq/Human_Testis_1ypb_5841.fastq.gz	NA	U
Human_Brain_28ypb_6048	Human_UCSC.hg38_GencodeComprehensive46	CordosoMoreira_Fastq/Human_Brain_28ypb_6048.fastq.gz	NA	U
Human_Cerebellum_29ypb_5540	Human_UCSC.hg38_GencodeComprehensive46	CordosoMoreira_Fastq/Human_Cerebellum_29ypb_5540.fastq.gz	NA	U
Human_Cerebellum_39ypb_5547	Human_UCSC.hg38_GencodeComprehensive46	CordosoMoreira_Fastq/Human_Cerebellum_39ypb_5547.fastq.gz	NA	U
Human_Liver_39ypb_5551	Human_UCSC.hg38_GencodeComprehensive46	CordosoMoreira_Fastq/Human_Liver_39ypb_5551.fastq.gz	NA	U
Human_Liver_39ypb_5563	Human_UCSC.hg38_GencodeComprehensive46	CordosoMoreira_Fastq/Human_Liver_39ypb_5563.fastq.gz	NA	U
Opossum_Brain_13.5_5180	Opossum_UCSC.monDom5_ensvUnknown	CordosoMoreira_Fastq/Opossum_Brain_13.5_5180.fastq.gz	NA	U
Opossum_Heart_13.5_5186	Opossum_UCSC.monDom5_ensvUnknown	CordosoMoreira_Fastq/Opossum_Heart_13.5_5186.fastq.gz	NA	U
Opossum_Cerebellum_13.5_5181	Opossum_UCSC.monDom5_ensvUnknown	CordosoMoreira_Fastq/Opossum_Cerebellum_13.5_5181.fastq.gz	NA	U
Opossum_Liver_13.5_5183	Opossum_UCSC.monDom5_ensvUnknown	CordosoMoreira_Fastq/Opossum_Liver_13.5_5183.fastq.gz	NA	U
Opossum_Brain_0dpb_4805	Opossum_UCSC.monDom5_ensvUnknown	CordosoMoreira_Fastq/Opossum_Brain_0dpb_4805.fastq.gz	NA	U
Opossum_Heart_0dpb_5214	Opossum_UCSC.monDom5_ensvUnknown	CordosoMoreira_Fastq/Opossum_Heart_0dpb_5214.fastq.gz	NA	U
Opossum_Cerebellum_0dpb_5294	Opossum_UCSC.monDom5_ensvUnknown	CordosoMoreira_Fastq/Opossum_Cerebellum_0dpb_5294.fastq.gz	NA	U
Opossum_Heart_10dpb_5045	Opossum_UCSC.monDom5_ensvUnknown	CordosoMoreira_Fastq/Opossum_Heart_10dpb_5045.fastq.gz	NA	U
Opossum_Heart_10dpb_5590	Opossum_UCSC.monDom5_ensvUnknown	CordosoMoreira_Fastq/Opossum_Heart_10dpb_5590.fastq.gz	NA	U
Opossum_Cerebellum_10dpb_4812	Opossum_UCSC.monDom5_ensvUnknown	CordosoMoreira_Fastq/Opossum_Cerebellum_10dpb_4812.fastq.gz	NA	U
Opossum_Kidney_10dpb_5046	Opossum_UCSC.monDom5_ensvUnknown	CordosoMoreira_Fastq/Opossum_Kidney_10dpb_5046.fastq.gz	NA	U
Opossum_Kidney_10dpb_5591	Opossum_UCSC.monDom5_ensvUnknown	CordosoMoreira_Fastq/Opossum_Kidney_10dpb_5591.fastq.gz	NA	U
Opossum_Liver_10dpb_5050	Opossum_UCSC.monDom5_ensvUnknown	CordosoMoreira_Fastq/Opossum_Liver_10dpb_5050.fastq.gz	NA	U
Opossum_Liver_10dpb_5589	Opossum_UCSC.monDom5_ensvUnknown	CordosoMoreira_Fastq/Opossum_Liver_10dpb_5589.fastq.gz	NA	U
Opossum_Ovary_10dpb_5324	Opossum_UCSC.monDom5_ensvUnknown	CordosoMoreira_Fastq/Opossum_Ovary_10dpb_5324.fastq.gz	NA	U
Opossum_Ovary_10dpb_5592	Opossum_UCSC.monDom5_ensvUnknown	CordosoMoreira_Fastq/Opossum_Ovary_10dpb_5592.fastq.gz	NA	U
Opossum_Brain_120dpb_4624	Opossum_UCSC.monDom5_ensvUnknown	CordosoMoreira_Fastq/Opossum_Brain_120dpb_4624.fastq.gz	NA	U
Opossum_Brain_120dpb_5852	Opossum_UCSC.monDom5_ensvUnknown	CordosoMoreira_Fastq/Opossum_Brain_120dpb_5852.fastq.gz	NA	U
Opossum_Heart_120dpb_4634	Opossum_UCSC.monDom5_ensvUnknown	CordosoMoreira_Fastq/Opossum_Heart_120dpb_4634.fastq.gz	NA	U
Opossum_Liver_120dpb_4601	Opossum_UCSC.monDom5_ensvUnknown	CordosoMoreira_Fastq/Opossum_Liver_120dpb_4601.fastq.gz	NA	U
Opossum_Cerebellum_14dpb_4701	Opossum_UCSC.monDom5_ensvUnknown	CordosoMoreira_Fastq/Opossum_Cerebellum_14dpb_4701.fastq.gz	NA	U
Opossum_Liver_14dpb_4768	Opossum_UCSC.monDom5_ensvUnknown	CordosoMoreira_Fastq/Opossum_Liver_14dpb_4768.fastq.gz	NA	U
Opossum_Liver_14dpb_4771	Opossum_UCSC.monDom5_ensvUnknown	CordosoMoreira_Fastq/Opossum_Liver_14dpb_4771.fastq.gz	NA	U
Opossum_Liver_14dpb_4774	Opossum_UCSC.monDom5_ensvUnknown	CordosoMoreira_Fastq/Opossum_Liver_14dpb_4774.fastq.gz	NA	U
Opossum_Brain_150dpb_4622	Opossum_UCSC.monDom5_ensvUnknown	CordosoMoreira_Fastq/Opossum_Brain_150dpb_4622.fastq.gz	NA	U
Opossum_Kidney_150dpb_5862	Opossum_UCSC.monDom5_ensvUnknown	CordosoMoreira_Fastq/Opossum_Kidney_150dpb_5862.fastq.gz	NA	U
Opossum_Ovary_150dpb_5860	Opossum_UCSC.monDom5_ensvUnknown	CordosoMoreira_Fastq/Opossum_Ovary_150dpb_5860.fastq.gz	NA	U
Opossum_Testis_150dpb_4320	Opossum_UCSC.monDom5_ensvUnknown	CordosoMoreira_Fastq/Opossum_Testis_150dpb_4320.fastq.gz	NA	U
Opossum_Brain_180dpb_3957	Opossum_UCSC.monDom5_ensvUnknown	CordosoMoreira_Fastq/Opossum_Brain_180dpb_3957.fastq.gz	NA	U
Opossum_Cerebellum_6mpb_5976	Opossum_UCSC.monDom5_ensvUnknown	CordosoMoreira_Fastq/Opossum_Cerebellum_6mpb_5976.fastq.gz	NA	U
Opossum_Kidney_180dpb_3954	Opossum_UCSC.monDom5_ensvUnknown	CordosoMoreira_Fastq/Opossum_Kidney_180dpb_3954.fastq.gz	NA	U
Opossum_Liver_180dpb_3991	Opossum_UCSC.monDom5_ensvUnknown	CordosoMoreira_Fastq/Opossum_Liver_180dpb_3991.fastq.gz	NA	U
Opossum_Liver_180dpb_3997	Opossum_UCSC.monDom5_ensvUnknown	CordosoMoreira_Fastq/Opossum_Liver_180dpb_3997.fastq.gz	NA	U
Opossum_Ovary_180dpb_3999	Opossum_UCSC.monDom5_ensvUnknown	CordosoMoreira_Fastq/Opossum_Ovary_180dpb_3999.fastq.gz	NA	U
Opossum_Ovary_20mpb_5978	Opossum_UCSC.monDom5_ensvUnknown	CordosoMoreira_Fastq/Opossum_Ovary_20mpb_5978.fastq.gz	NA	U
Opossum_Heart_2dpb_5337	Opossum_UCSC.monDom5_ensvUnknown	CordosoMoreira_Fastq/Opossum_Heart_2dpb_5337.fastq.gz	NA	U
Opossum_Cerebellum_2dpb_5288	Opossum_UCSC.monDom5_ensvUnknown	CordosoMoreira_Fastq/Opossum_Cerebellum_2dpb_5288.fastq.gz	NA	U
Opossum_Cerebellum_2dpb_5290	Opossum_UCSC.monDom5_ensvUnknown	CordosoMoreira_Fastq/Opossum_Cerebellum_2dpb_5290.fastq.gz	NA	U
Opossum_Liver_2dpb_5211	Opossum_UCSC.monDom5_ensvUnknown	CordosoMoreira_Fastq/Opossum_Liver_2dpb_5211.fastq.gz	NA	U
Opossum_Liver_2dpb_5213	Opossum_UCSC.monDom5_ensvUnknown	CordosoMoreira_Fastq/Opossum_Liver_2dpb_5213.fastq.gz	NA	U
Opossum_Ovary_2dpb_4491	Opossum_UCSC.monDom5_ensvUnknown	CordosoMoreira_Fastq/Opossum_Ovary_2dpb_4491.fastq.gz	NA	U
Opossum_Brain_21dpb_4690	Opossum_UCSC.monDom5_ensvUnknown	CordosoMoreira_Fastq/Opossum_Brain_21dpb_4690.fastq.gz	NA	U
Opossum_Brain_21dpb_4694	Opossum_UCSC.monDom5_ensvUnknown	CordosoMoreira_Fastq/Opossum_Brain_21dpb_4694.fastq.gz	NA	U
Opossum_Heart_21dpb_4679	Opossum_UCSC.monDom5_ensvUnknown	CordosoMoreira_Fastq/Opossum_Heart_21dpb_4679.fastq.gz	NA	U
Opossum_Kidney_21dpb_4758	Opossum_UCSC.monDom5_ensvUnknown	CordosoMoreira_Fastq/Opossum_Kidney_21dpb_4758.fastq.gz	NA	U
Opossum_Liver_21dpb_4762	Opossum_UCSC.monDom5_ensvUnknown	CordosoMoreira_Fastq/Opossum_Liver_21dpb_4762.fastq.gz	NA	U
Opossum_Ovary_21dpb_4956	Opossum_UCSC.monDom5_ensvUnknown	CordosoMoreira_Fastq/Opossum_Ovary_21dpb_4956.fastq.gz	NA	U
Opossum_Ovary_21dpb_4957	Opossum_UCSC.monDom5_ensvUnknown	CordosoMoreira_Fastq/Opossum_Ovary_21dpb_4957.fastq.gz	NA	U
Opossum_Testis_21dpb_5329	Opossum_UCSC.monDom5_ensvUnknown	CordosoMoreira_Fastq/Opossum_Testis_21dpb_5329.fastq.gz	NA	U
Opossum_Testis_21dpb_5330	Opossum_UCSC.monDom5_ensvUnknown	CordosoMoreira_Fastq/Opossum_Testis_21dpb_5330.fastq.gz	NA	U
Opossum_Brain_28dpb_4657	Opossum_UCSC.monDom5_ensvUnknown	CordosoMoreira_Fastq/Opossum_Brain_28dpb_4657.fastq.gz	NA	U
Opossum_Brain_28dpb_4684	Opossum_UCSC.monDom5_ensvUnknown	CordosoMoreira_Fastq/Opossum_Brain_28dpb_4684.fastq.gz	NA	U
Opossum_Heart_28dpb_4666	Opossum_UCSC.monDom5_ensvUnknown	CordosoMoreira_Fastq/Opossum_Heart_28dpb_4666.fastq.gz	NA	U
Opossum_Cerebellum_28dpb_4687	Opossum_UCSC.monDom5_ensvUnknown	CordosoMoreira_Fastq/Opossum_Cerebellum_28dpb_4687.fastq.gz	NA	U
Opossum_Kidney_28dpb_5880	Opossum_UCSC.monDom5_ensvUnknown	CordosoMoreira_Fastq/Opossum_Kidney_28dpb_5880.fastq.gz	NA	U
Opossum_Liver_28dpb_4673	Opossum_UCSC.monDom5_ensvUnknown	CordosoMoreira_Fastq/Opossum_Liver_28dpb_4673.fastq.gz	NA	U
Opossum_Brain_4dpb_4547	Opossum_UCSC.monDom5_ensvUnknown	CordosoMoreira_Fastq/Opossum_Brain_4dpb_4547.fastq.gz	NA	U
Opossum_Brain_4dpb_5175	Opossum_UCSC.monDom5_ensvUnknown	CordosoMoreira_Fastq/Opossum_Brain_4dpb_5175.fastq.gz	NA	U
Opossum_Heart_4dpb_4545	Opossum_UCSC.monDom5_ensvUnknown	CordosoMoreira_Fastq/Opossum_Heart_4dpb_4545.fastq.gz	NA	U
Opossum_Heart_4dpb_5132	Opossum_UCSC.monDom5_ensvUnknown	CordosoMoreira_Fastq/Opossum_Heart_4dpb_5132.fastq.gz	NA	U
Opossum_Liver_4dpb_4546	Opossum_UCSC.monDom5_ensvUnknown	CordosoMoreira_Fastq/Opossum_Liver_4dpb_4546.fastq.gz	NA	U
Opossum_Ovary_4dpb_4541	Opossum_UCSC.monDom5_ensvUnknown	CordosoMoreira_Fastq/Opossum_Ovary_4dpb_4541.fastq.gz	NA	U
Opossum_Ovary_4dpb_5325	Opossum_UCSC.monDom5_ensvUnknown	CordosoMoreira_Fastq/Opossum_Ovary_4dpb_5325.fastq.gz	NA	U
Opossum_Testis_4dpb_5331	Opossum_UCSC.monDom5_ensvUnknown	CordosoMoreira_Fastq/Opossum_Testis_4dpb_5331.fastq.gz	NA	U
Opossum_Brain_42dpb_4655	Opossum_UCSC.monDom5_ensvUnknown	CordosoMoreira_Fastq/Opossum_Brain_42dpb_4655.fastq.gz	NA	U
Opossum_Brain_42dpb_5887	Opossum_UCSC.monDom5_ensvUnknown	CordosoMoreira_Fastq/Opossum_Brain_42dpb_5887.fastq.gz	NA	U
Opossum_Kidney_42dpb_4725	Opossum_UCSC.monDom5_ensvUnknown	CordosoMoreira_Fastq/Opossum_Kidney_42dpb_4725.fastq.gz	NA	U
Opossum_Kidney_42dpb_5883	Opossum_UCSC.monDom5_ensvUnknown	CordosoMoreira_Fastq/Opossum_Kidney_42dpb_5883.fastq.gz	NA	U
Opossum_Liver_42dpb_5884	Opossum_UCSC.monDom5_ensvUnknown	CordosoMoreira_Fastq/Opossum_Liver_42dpb_5884.fastq.gz	NA	U
Opossum_Testis_42dpb_4723	Opossum_UCSC.monDom5_ensvUnknown	CordosoMoreira_Fastq/Opossum_Testis_42dpb_4723.fastq.gz	NA	U
Opossum_Testis_42dpb_4727	Opossum_UCSC.monDom5_ensvUnknown	CordosoMoreira_Fastq/Opossum_Testis_42dpb_4727.fastq.gz	NA	U
Opossum_Brain_6dpb_5171	Opossum_UCSC.monDom5_ensvUnknown	CordosoMoreira_Fastq/Opossum_Brain_6dpb_5171.fastq.gz	NA	U
Opossum_Heart_6dpb_5134	Opossum_UCSC.monDom5_ensvUnknown	CordosoMoreira_Fastq/Opossum_Heart_6dpb_5134.fastq.gz	NA	U
Opossum_Heart_6dpb_5206	Opossum_UCSC.monDom5_ensvUnknown	CordosoMoreira_Fastq/Opossum_Heart_6dpb_5206.fastq.gz	NA	U
Opossum_Cerebellum_6dpb_5168	Opossum_UCSC.monDom5_ensvUnknown	CordosoMoreira_Fastq/Opossum_Cerebellum_6dpb_5168.fastq.gz	NA	U
Opossum_Cerebellum_6dpb_5172	Opossum_UCSC.monDom5_ensvUnknown	CordosoMoreira_Fastq/Opossum_Cerebellum_6dpb_5172.fastq.gz	NA	U
Opossum_Liver_6dpb_5138	Opossum_UCSC.monDom5_ensvUnknown	CordosoMoreira_Fastq/Opossum_Liver_6dpb_5138.fastq.gz	NA	U
Opossum_Liver_6dpb_5143	Opossum_UCSC.monDom5_ensvUnknown	CordosoMoreira_Fastq/Opossum_Liver_6dpb_5143.fastq.gz	NA	U
Opossum_Heart_60dpb_5873	Opossum_UCSC.monDom5_ensvUnknown	CordosoMoreira_Fastq/Opossum_Heart_60dpb_5873.fastq.gz	NA	U
Opossum_Cerebellum_60dpb_5874	Opossum_UCSC.monDom5_ensvUnknown	CordosoMoreira_Fastq/Opossum_Cerebellum_60dpb_5874.fastq.gz	NA	U
Opossum_Liver_60dpb_5872	Opossum_UCSC.monDom5_ensvUnknown	CordosoMoreira_Fastq/Opossum_Liver_60dpb_5872.fastq.gz	NA	U
Opossum_Ovary_60dpb_5870	Opossum_UCSC.monDom5_ensvUnknown	CordosoMoreira_Fastq/Opossum_Ovary_60dpb_5870.fastq.gz	NA	U
Opossum_Testis_60dpb_4731	Opossum_UCSC.monDom5_ensvUnknown	CordosoMoreira_Fastq/Opossum_Testis_60dpb_4731.fastq.gz	NA	U
Opossum_Heart_90dpb_4635	Opossum_UCSC.monDom5_ensvUnknown	CordosoMoreira_Fastq/Opossum_Heart_90dpb_4635.fastq.gz	NA	U
Opossum_Heart_90dpb_5866	Opossum_UCSC.monDom5_ensvUnknown	CordosoMoreira_Fastq/Opossum_Heart_90dpb_5866.fastq.gz	NA	U
Opossum_Cerebellum_90dpb_4608	Opossum_UCSC.monDom5_ensvUnknown	CordosoMoreira_Fastq/Opossum_Cerebellum_90dpb_4608.fastq.gz	NA	U
Opossum_Kidney_90dpb_4636	Opossum_UCSC.monDom5_ensvUnknown	CordosoMoreira_Fastq/Opossum_Kidney_90dpb_4636.fastq.gz	NA	U
Opossum_Testis_90dpb_4619	Opossum_UCSC.monDom5_ensvUnknown	CordosoMoreira_Fastq/Opossum_Testis_90dpb_4619.fastq.gz	NA	U
Opossum_Testis_90dpb_4638	Opossum_UCSC.monDom5_ensvUnknown	CordosoMoreira_Fastq/Opossum_Testis_90dpb_4638.fastq.gz	NA	U
Opossum_Heart_13.5_5191	Opossum_UCSC.monDom5_ensvUnknown	CordosoMoreira_Fastq/Opossum_Heart_13.5_5191.fastq.gz	NA	U
Opossum_Cerebellum_13.5_5185	Opossum_UCSC.monDom5_ensvUnknown	CordosoMoreira_Fastq/Opossum_Cerebellum_13.5_5185.fastq.gz	NA	U
Opossum_Brain_0dpb_4807	Opossum_UCSC.monDom5_ensvUnknown	CordosoMoreira_Fastq/Opossum_Brain_0dpb_4807.fastq.gz	NA	U
Opossum_Heart_0dpb_5039	Opossum_UCSC.monDom5_ensvUnknown	CordosoMoreira_Fastq/Opossum_Heart_0dpb_5039.fastq.gz	NA	U
Opossum_Liver_0dpb_5040	Opossum_UCSC.monDom5_ensvUnknown	CordosoMoreira_Fastq/Opossum_Liver_0dpb_5040.fastq.gz	NA	U
Opossum_Liver_0dpb_5041	Opossum_UCSC.monDom5_ensvUnknown	CordosoMoreira_Fastq/Opossum_Liver_0dpb_5041.fastq.gz	NA	U
Opossum_Brain_10dpb_4809	Opossum_UCSC.monDom5_ensvUnknown	CordosoMoreira_Fastq/Opossum_Brain_10dpb_4809.fastq.gz	NA	U
Opossum_Brain_10dpb_4811	Opossum_UCSC.monDom5_ensvUnknown	CordosoMoreira_Fastq/Opossum_Brain_10dpb_4811.fastq.gz	NA	U
Opossum_Heart_10dpb_5042	Opossum_UCSC.monDom5_ensvUnknown	CordosoMoreira_Fastq/Opossum_Heart_10dpb_5042.fastq.gz	NA	U
Opossum_Cerebellum_10dpb_4810	Opossum_UCSC.monDom5_ensvUnknown	CordosoMoreira_Fastq/Opossum_Cerebellum_10dpb_4810.fastq.gz	NA	U
Opossum_Cerebellum_10dpb_5588	Opossum_UCSC.monDom5_ensvUnknown	CordosoMoreira_Fastq/Opossum_Cerebellum_10dpb_5588.fastq.gz	NA	U
Opossum_Kidney_10dpb_5049	Opossum_UCSC.monDom5_ensvUnknown	CordosoMoreira_Fastq/Opossum_Kidney_10dpb_5049.fastq.gz	NA	U
Opossum_Liver_10dpb_5047	Opossum_UCSC.monDom5_ensvUnknown	CordosoMoreira_Fastq/Opossum_Liver_10dpb_5047.fastq.gz	NA	U
Opossum_Testis_10dpb_5332	Opossum_UCSC.monDom5_ensvUnknown	CordosoMoreira_Fastq/Opossum_Testis_10dpb_5332.fastq.gz	NA	U
Opossum_Testis_10dpb_5601	Opossum_UCSC.monDom5_ensvUnknown	CordosoMoreira_Fastq/Opossum_Testis_10dpb_5601.fastq.gz	NA	U
Opossum_Brain_120dpb_4599	Opossum_UCSC.monDom5_ensvUnknown	CordosoMoreira_Fastq/Opossum_Brain_120dpb_4599.fastq.gz	NA	U
Opossum_Heart_120dpb_4468	Opossum_UCSC.monDom5_ensvUnknown	CordosoMoreira_Fastq/Opossum_Heart_120dpb_4468.fastq.gz	NA	U
Opossum_Cerebellum_120dpb_4628	Opossum_UCSC.monDom5_ensvUnknown	CordosoMoreira_Fastq/Opossum_Cerebellum_120dpb_4628.fastq.gz	NA	U
Opossum_Liver_120dpb_4469	Opossum_UCSC.monDom5_ensvUnknown	CordosoMoreira_Fastq/Opossum_Liver_120dpb_4469.fastq.gz	NA	U
Opossum_Ovary_120dpb_4471	Opossum_UCSC.monDom5_ensvUnknown	CordosoMoreira_Fastq/Opossum_Ovary_120dpb_4471.fastq.gz	NA	U
Opossum_Testis_120dpb_5854	Opossum_UCSC.monDom5_ensvUnknown	CordosoMoreira_Fastq/Opossum_Testis_120dpb_5854.fastq.gz	NA	U
Opossum_Brain_14dpb_4698	Opossum_UCSC.monDom5_ensvUnknown	CordosoMoreira_Fastq/Opossum_Brain_14dpb_4698.fastq.gz	NA	U
Opossum_Brain_14dpb_4702	Opossum_UCSC.monDom5_ensvUnknown	CordosoMoreira_Fastq/Opossum_Brain_14dpb_4702.fastq.gz	NA	U
Opossum_Brain_14dpb_5876	Opossum_UCSC.monDom5_ensvUnknown	CordosoMoreira_Fastq/Opossum_Brain_14dpb_5876.fastq.gz	NA	U
Opossum_Heart_14dpb_4769	Opossum_UCSC.monDom5_ensvUnknown	CordosoMoreira_Fastq/Opossum_Heart_14dpb_4769.fastq.gz	NA	U
Opossum_Cerebellum_14dpb_4703	Opossum_UCSC.monDom5_ensvUnknown	CordosoMoreira_Fastq/Opossum_Cerebellum_14dpb_4703.fastq.gz	NA	U
Opossum_Kidney_14dpb_4767	Opossum_UCSC.monDom5_ensvUnknown	CordosoMoreira_Fastq/Opossum_Kidney_14dpb_4767.fastq.gz	NA	U
Opossum_Kidney_14dpb_4773	Opossum_UCSC.monDom5_ensvUnknown	CordosoMoreira_Fastq/Opossum_Kidney_14dpb_4773.fastq.gz	NA	U
Opossum_Liver_14dpb_4777	Opossum_UCSC.monDom5_ensvUnknown	CordosoMoreira_Fastq/Opossum_Liver_14dpb_4777.fastq.gz	NA	U
Opossum_Ovary_14dpb_4952	Opossum_UCSC.monDom5_ensvUnknown	CordosoMoreira_Fastq/Opossum_Ovary_14dpb_4952.fastq.gz	NA	U
Opossum_Ovary_14dpb_4953	Opossum_UCSC.monDom5_ensvUnknown	CordosoMoreira_Fastq/Opossum_Ovary_14dpb_4953.fastq.gz	NA	U
Opossum_Testis_14dpb_4954	Opossum_UCSC.monDom5_ensvUnknown	CordosoMoreira_Fastq/Opossum_Testis_14dpb_4954.fastq.gz	NA	U
Opossum_Heart_150dpb_4213	Opossum_UCSC.monDom5_ensvUnknown	CordosoMoreira_Fastq/Opossum_Heart_150dpb_4213.fastq.gz	NA	U
Opossum_Cerebellum_150dpb_4682	Opossum_UCSC.monDom5_ensvUnknown	CordosoMoreira_Fastq/Opossum_Cerebellum_150dpb_4682.fastq.gz	NA	U
Opossum_Cerebellum_150dpb_5859	Opossum_UCSC.monDom5_ensvUnknown	CordosoMoreira_Fastq/Opossum_Cerebellum_150dpb_5859.fastq.gz	NA	U
Opossum_Kidney_150dpb_4210	Opossum_UCSC.monDom5_ensvUnknown	CordosoMoreira_Fastq/Opossum_Kidney_150dpb_4210.fastq.gz	NA	U
Opossum_Liver_150dpb_4211	Opossum_UCSC.monDom5_ensvUnknown	CordosoMoreira_Fastq/Opossum_Liver_150dpb_4211.fastq.gz	NA	U
Opossum_Liver_150dpb_5863	Opossum_UCSC.monDom5_ensvUnknown	CordosoMoreira_Fastq/Opossum_Liver_150dpb_5863.fastq.gz	NA	U
Opossum_Ovary_150dpb_4208	Opossum_UCSC.monDom5_ensvUnknown	CordosoMoreira_Fastq/Opossum_Ovary_150dpb_4208.fastq.gz	NA	U
Opossum_Testis_150dpb_4212	Opossum_UCSC.monDom5_ensvUnknown	CordosoMoreira_Fastq/Opossum_Testis_150dpb_4212.fastq.gz	NA	U
Opossum_Brain_14mpb_5974	Opossum_UCSC.monDom5_ensvUnknown	CordosoMoreira_Fastq/Opossum_Brain_14mpb_5974.fastq.gz	NA	U
Opossum_Heart_180dpb_3953	Opossum_UCSC.monDom5_ensvUnknown	CordosoMoreira_Fastq/Opossum_Heart_180dpb_3953.fastq.gz	NA	U
Opossum_Heart_180dpb_3959	Opossum_UCSC.monDom5_ensvUnknown	CordosoMoreira_Fastq/Opossum_Heart_180dpb_3959.fastq.gz	NA	U
Opossum_Cerebellum_4mpb_5977	Opossum_UCSC.monDom5_ensvUnknown	CordosoMoreira_Fastq/Opossum_Cerebellum_4mpb_5977.fastq.gz	NA	U
Opossum_Kidney_180dpb_3960	Opossum_UCSC.monDom5_ensvUnknown	CordosoMoreira_Fastq/Opossum_Kidney_180dpb_3960.fastq.gz	NA	U
Opossum_Liver_180dpb_3961	Opossum_UCSC.monDom5_ensvUnknown	CordosoMoreira_Fastq/Opossum_Liver_180dpb_3961.fastq.gz	NA	U
Opossum_Testis_180dpb_3956	Opossum_UCSC.monDom5_ensvUnknown	CordosoMoreira_Fastq/Opossum_Testis_180dpb_3956.fastq.gz	NA	U
Opossum_Testis_180dpb_3993	Opossum_UCSC.monDom5_ensvUnknown	CordosoMoreira_Fastq/Opossum_Testis_180dpb_3993.fastq.gz	NA	U
Opossum_Brain_2dpb_5287	Opossum_UCSC.monDom5_ensvUnknown	CordosoMoreira_Fastq/Opossum_Brain_2dpb_5287.fastq.gz	NA	U
Opossum_Brain_2dpb_5291	Opossum_UCSC.monDom5_ensvUnknown	CordosoMoreira_Fastq/Opossum_Brain_2dpb_5291.fastq.gz	NA	U
Opossum_Heart_2dpb_5212	Opossum_UCSC.monDom5_ensvUnknown	CordosoMoreira_Fastq/Opossum_Heart_2dpb_5212.fastq.gz	NA	U
Opossum_Cerebellum_2dpb_5286	Opossum_UCSC.monDom5_ensvUnknown	CordosoMoreira_Fastq/Opossum_Cerebellum_2dpb_5286.fastq.gz	NA	U
Opossum_Cerebellum_2dpb_5292	Opossum_UCSC.monDom5_ensvUnknown	CordosoMoreira_Fastq/Opossum_Cerebellum_2dpb_5292.fastq.gz	NA	U
Opossum_Testis_2dpb_4492	Opossum_UCSC.monDom5_ensvUnknown	CordosoMoreira_Fastq/Opossum_Testis_2dpb_4492.fastq.gz	NA	U
Opossum_Cerebellum_21dpb_4691	Opossum_UCSC.monDom5_ensvUnknown	CordosoMoreira_Fastq/Opossum_Cerebellum_21dpb_4691.fastq.gz	NA	U
Opossum_Cerebellum_21dpb_4695	Opossum_UCSC.monDom5_ensvUnknown	CordosoMoreira_Fastq/Opossum_Cerebellum_21dpb_4695.fastq.gz	NA	U
Opossum_Cerebellum_21dpb_4697	Opossum_UCSC.monDom5_ensvUnknown	CordosoMoreira_Fastq/Opossum_Cerebellum_21dpb_4697.fastq.gz	NA	U
Opossum_Kidney_21dpb_4761	Opossum_UCSC.monDom5_ensvUnknown	CordosoMoreira_Fastq/Opossum_Kidney_21dpb_4761.fastq.gz	NA	U
Opossum_Liver_21dpb_4681	Opossum_UCSC.monDom5_ensvUnknown	CordosoMoreira_Fastq/Opossum_Liver_21dpb_4681.fastq.gz	NA	U
Opossum_Liver_21dpb_4765	Opossum_UCSC.monDom5_ensvUnknown	CordosoMoreira_Fastq/Opossum_Liver_21dpb_4765.fastq.gz	NA	U
Opossum_Brain_28dpb_4688	Opossum_UCSC.monDom5_ensvUnknown	CordosoMoreira_Fastq/Opossum_Brain_28dpb_4688.fastq.gz	NA	U
Opossum_Heart_28dpb_4662	Opossum_UCSC.monDom5_ensvUnknown	CordosoMoreira_Fastq/Opossum_Heart_28dpb_4662.fastq.gz	NA	U
Opossum_Cerebellum_28dpb_4683	Opossum_UCSC.monDom5_ensvUnknown	CordosoMoreira_Fastq/Opossum_Cerebellum_28dpb_4683.fastq.gz	NA	U
Opossum_Kidney_28dpb_4667	Opossum_UCSC.monDom5_ensvUnknown	CordosoMoreira_Fastq/Opossum_Kidney_28dpb_4667.fastq.gz	NA	U
Opossum_Ovary_28dpb_4665	Opossum_UCSC.monDom5_ensvUnknown	CordosoMoreira_Fastq/Opossum_Ovary_28dpb_4665.fastq.gz	NA	U
Opossum_Brain_4dpb_4543	Opossum_UCSC.monDom5_ensvUnknown	CordosoMoreira_Fastq/Opossum_Brain_4dpb_4543.fastq.gz	NA	U
Opossum_Heart_4dpb_5198	Opossum_UCSC.monDom5_ensvUnknown	CordosoMoreira_Fastq/Opossum_Heart_4dpb_5198.fastq.gz	NA	U
Opossum_Cerebellum_4dpb_5174	Opossum_UCSC.monDom5_ensvUnknown	CordosoMoreira_Fastq/Opossum_Cerebellum_4dpb_5174.fastq.gz	NA	U
Opossum_Cerebellum_4dpb_5176	Opossum_UCSC.monDom5_ensvUnknown	CordosoMoreira_Fastq/Opossum_Cerebellum_4dpb_5176.fastq.gz	NA	U
Opossum_Liver_4dpb_5201	Opossum_UCSC.monDom5_ensvUnknown	CordosoMoreira_Fastq/Opossum_Liver_4dpb_5201.fastq.gz	NA	U
Opossum_Testis_4dpb_4542	Opossum_UCSC.monDom5_ensvUnknown	CordosoMoreira_Fastq/Opossum_Testis_4dpb_4542.fastq.gz	NA	U
Opossum_Brain_42dpb_5885	Opossum_UCSC.monDom5_ensvUnknown	CordosoMoreira_Fastq/Opossum_Brain_42dpb_5885.fastq.gz	NA	U
Opossum_Kidney_42dpb_4718	Opossum_UCSC.monDom5_ensvUnknown	CordosoMoreira_Fastq/Opossum_Kidney_42dpb_4718.fastq.gz	NA	U
Opossum_Heart_6dpb_5142	Opossum_UCSC.monDom5_ensvUnknown	CordosoMoreira_Fastq/Opossum_Heart_6dpb_5142.fastq.gz	NA	U
Opossum_Cerebellum_6dpb_5170	Opossum_UCSC.monDom5_ensvUnknown	CordosoMoreira_Fastq/Opossum_Cerebellum_6dpb_5170.fastq.gz	NA	U
Opossum_Liver_6dpb_5135	Opossum_UCSC.monDom5_ensvUnknown	CordosoMoreira_Fastq/Opossum_Liver_6dpb_5135.fastq.gz	NA	U
Opossum_Ovary_6dpb_5326	Opossum_UCSC.monDom5_ensvUnknown	CordosoMoreira_Fastq/Opossum_Ovary_6dpb_5326.fastq.gz	NA	U
Opossum_Testis_6dpb_5327	Opossum_UCSC.monDom5_ensvUnknown	CordosoMoreira_Fastq/Opossum_Testis_6dpb_5327.fastq.gz	NA	U
Opossum_Brain_60dpb_4647	Opossum_UCSC.monDom5_ensvUnknown	CordosoMoreira_Fastq/Opossum_Brain_60dpb_4647.fastq.gz	NA	U
Opossum_Heart_60dpb_5871	Opossum_UCSC.monDom5_ensvUnknown	CordosoMoreira_Fastq/Opossum_Heart_60dpb_5871.fastq.gz	NA	U
Opossum_Cerebellum_60dpb_4648	Opossum_UCSC.monDom5_ensvUnknown	CordosoMoreira_Fastq/Opossum_Cerebellum_60dpb_4648.fastq.gz	NA	U
Opossum_Cerebellum_60dpb_5869	Opossum_UCSC.monDom5_ensvUnknown	CordosoMoreira_Fastq/Opossum_Cerebellum_60dpb_5869.fastq.gz	NA	U
Opossum_Kidney_60dpb_4644	Opossum_UCSC.monDom5_ensvUnknown	CordosoMoreira_Fastq/Opossum_Kidney_60dpb_4644.fastq.gz	NA	U
Opossum_Kidney_60dpb_4659	Opossum_UCSC.monDom5_ensvUnknown	CordosoMoreira_Fastq/Opossum_Kidney_60dpb_4659.fastq.gz	NA	U
Opossum_Liver_60dpb_4660	Opossum_UCSC.monDom5_ensvUnknown	CordosoMoreira_Fastq/Opossum_Liver_60dpb_4660.fastq.gz	NA	U
Opossum_Liver_60dpb_5851	Opossum_UCSC.monDom5_ensvUnknown	CordosoMoreira_Fastq/Opossum_Liver_60dpb_5851.fastq.gz	NA	U
Opossum_Brain_90dpb_4620	Opossum_UCSC.monDom5_ensvUnknown	CordosoMoreira_Fastq/Opossum_Brain_90dpb_4620.fastq.gz	NA	U
Opossum_Brain_90dpb_5864	Opossum_UCSC.monDom5_ensvUnknown	CordosoMoreira_Fastq/Opossum_Brain_90dpb_5864.fastq.gz	NA	U
Opossum_Heart_90dpb_4612	Opossum_UCSC.monDom5_ensvUnknown	CordosoMoreira_Fastq/Opossum_Heart_90dpb_4612.fastq.gz	NA	U
Opossum_Cerebellum_90dpb_4621	Opossum_UCSC.monDom5_ensvUnknown	CordosoMoreira_Fastq/Opossum_Cerebellum_90dpb_4621.fastq.gz	NA	U
Opossum_Kidney_90dpb_4609	Opossum_UCSC.monDom5_ensvUnknown	CordosoMoreira_Fastq/Opossum_Kidney_90dpb_4609.fastq.gz	NA	U
Opossum_Kidney_90dpb_5867	Opossum_UCSC.monDom5_ensvUnknown	CordosoMoreira_Fastq/Opossum_Kidney_90dpb_5867.fastq.gz	NA	U
Opossum_Liver_90dpb_4637	Opossum_UCSC.monDom5_ensvUnknown	CordosoMoreira_Fastq/Opossum_Liver_90dpb_4637.fastq.gz	NA	U
Opossum_Liver_90dpb_5868	Opossum_UCSC.monDom5_ensvUnknown	CordosoMoreira_Fastq/Opossum_Liver_90dpb_5868.fastq.gz	NA	U
Opossum_Ovary_90dpb_4613	Opossum_UCSC.monDom5_ensvUnknown	CordosoMoreira_Fastq/Opossum_Ovary_90dpb_4613.fastq.gz	NA	U
Opossum_Brain_13.5_5184	Opossum_UCSC.monDom5_ensvUnknown	CordosoMoreira_Fastq/Opossum_Brain_13.5_5184.fastq.gz	NA	U
Opossum_Heart_13.5_5219	Opossum_UCSC.monDom5_ensvUnknown	CordosoMoreira_Fastq/Opossum_Heart_13.5_5219.fastq.gz	NA	U
Opossum_Cerebellum_13.5_5295	Opossum_UCSC.monDom5_ensvUnknown	CordosoMoreira_Fastq/Opossum_Cerebellum_13.5_5295.fastq.gz	NA	U
Opossum_Liver_13.5_5192	Opossum_UCSC.monDom5_ensvUnknown	CordosoMoreira_Fastq/Opossum_Liver_13.5_5192.fastq.gz	NA	U
Opossum_Liver_13.5_5336	Opossum_UCSC.monDom5_ensvUnknown	CordosoMoreira_Fastq/Opossum_Liver_13.5_5336.fastq.gz	NA	U
Opossum_Brain_0dpb_5293	Opossum_UCSC.monDom5_ensvUnknown	CordosoMoreira_Fastq/Opossum_Brain_0dpb_5293.fastq.gz	NA	U
Opossum_Heart_0dpb_5139	Opossum_UCSC.monDom5_ensvUnknown	CordosoMoreira_Fastq/Opossum_Heart_0dpb_5139.fastq.gz	NA	U
Opossum_Cerebellum_0dpb_4806	Opossum_UCSC.monDom5_ensvUnknown	CordosoMoreira_Fastq/Opossum_Cerebellum_0dpb_4806.fastq.gz	NA	U
Opossum_Brain_10dpb_4813	Opossum_UCSC.monDom5_ensvUnknown	CordosoMoreira_Fastq/Opossum_Brain_10dpb_4813.fastq.gz	NA	U
Opossum_Brain_10dpb_5587	Opossum_UCSC.monDom5_ensvUnknown	CordosoMoreira_Fastq/Opossum_Brain_10dpb_5587.fastq.gz	NA	U
Opossum_Heart_10dpb_5048	Opossum_UCSC.monDom5_ensvUnknown	CordosoMoreira_Fastq/Opossum_Heart_10dpb_5048.fastq.gz	NA	U
Opossum_Kidney_10dpb_5043	Opossum_UCSC.monDom5_ensvUnknown	CordosoMoreira_Fastq/Opossum_Kidney_10dpb_5043.fastq.gz	NA	U
Opossum_Liver_10dpb_5044	Opossum_UCSC.monDom5_ensvUnknown	CordosoMoreira_Fastq/Opossum_Liver_10dpb_5044.fastq.gz	NA	U
Opossum_Heart_120dpb_5855	Opossum_UCSC.monDom5_ensvUnknown	CordosoMoreira_Fastq/Opossum_Heart_120dpb_5855.fastq.gz	NA	U
Opossum_Cerebellum_120dpb_4626	Opossum_UCSC.monDom5_ensvUnknown	CordosoMoreira_Fastq/Opossum_Cerebellum_120dpb_4626.fastq.gz	NA	U
Opossum_Cerebellum_120dpb_5857	Opossum_UCSC.monDom5_ensvUnknown	CordosoMoreira_Fastq/Opossum_Cerebellum_120dpb_5857.fastq.gz	NA	U
Opossum_Kidney_120dpb_4600	Opossum_UCSC.monDom5_ensvUnknown	CordosoMoreira_Fastq/Opossum_Kidney_120dpb_4600.fastq.gz	NA	U
Opossum_Kidney_120dpb_4710	Opossum_UCSC.monDom5_ensvUnknown	CordosoMoreira_Fastq/Opossum_Kidney_120dpb_4710.fastq.gz	NA	U
Opossum_Liver_120dpb_5856	Opossum_UCSC.monDom5_ensvUnknown	CordosoMoreira_Fastq/Opossum_Liver_120dpb_5856.fastq.gz	NA	U
Opossum_Ovary_120dpb_5853	Opossum_UCSC.monDom5_ensvUnknown	CordosoMoreira_Fastq/Opossum_Ovary_120dpb_5853.fastq.gz	NA	U
Opossum_Heart_14dpb_4766	Opossum_UCSC.monDom5_ensvUnknown	CordosoMoreira_Fastq/Opossum_Heart_14dpb_4766.fastq.gz	NA	U
Opossum_Heart_14dpb_4772	Opossum_UCSC.monDom5_ensvUnknown	CordosoMoreira_Fastq/Opossum_Heart_14dpb_4772.fastq.gz	NA	U
Opossum_Heart_14dpb_4775	Opossum_UCSC.monDom5_ensvUnknown	CordosoMoreira_Fastq/Opossum_Heart_14dpb_4775.fastq.gz	NA	U
Opossum_Cerebellum_14dpb_4699	Opossum_UCSC.monDom5_ensvUnknown	CordosoMoreira_Fastq/Opossum_Cerebellum_14dpb_4699.fastq.gz	NA	U
Opossum_Kidney_14dpb_4770	Opossum_UCSC.monDom5_ensvUnknown	CordosoMoreira_Fastq/Opossum_Kidney_14dpb_4770.fastq.gz	NA	U
Opossum_Kidney_14dpb_4776	Opossum_UCSC.monDom5_ensvUnknown	CordosoMoreira_Fastq/Opossum_Kidney_14dpb_4776.fastq.gz	NA	U
Opossum_Testis_14dpb_5877	Opossum_UCSC.monDom5_ensvUnknown	CordosoMoreira_Fastq/Opossum_Testis_14dpb_5877.fastq.gz	NA	U
Opossum_Brain_150dpb_4623	Opossum_UCSC.monDom5_ensvUnknown	CordosoMoreira_Fastq/Opossum_Brain_150dpb_4623.fastq.gz	NA	U
Opossum_Brain_150dpb_5858	Opossum_UCSC.monDom5_ensvUnknown	CordosoMoreira_Fastq/Opossum_Brain_150dpb_5858.fastq.gz	NA	U
Opossum_Heart_150dpb_4209	Opossum_UCSC.monDom5_ensvUnknown	CordosoMoreira_Fastq/Opossum_Heart_150dpb_4209.fastq.gz	NA	U
Opossum_Heart_150dpb_5861	Opossum_UCSC.monDom5_ensvUnknown	CordosoMoreira_Fastq/Opossum_Heart_150dpb_5861.fastq.gz	NA	U
Opossum_Kidney_150dpb_4214	Opossum_UCSC.monDom5_ensvUnknown	CordosoMoreira_Fastq/Opossum_Kidney_150dpb_4214.fastq.gz	NA	U
Opossum_Liver_150dpb_4215	Opossum_UCSC.monDom5_ensvUnknown	CordosoMoreira_Fastq/Opossum_Liver_150dpb_4215.fastq.gz	NA	U
Opossum_Brain_180dpb_3951	Opossum_UCSC.monDom5_ensvUnknown	CordosoMoreira_Fastq/Opossum_Brain_180dpb_3951.fastq.gz	NA	U
Opossum_Brain_14mpb_5972	Opossum_UCSC.monDom5_ensvUnknown	CordosoMoreira_Fastq/Opossum_Brain_14mpb_5972.fastq.gz	NA	U
Opossum_Heart_180dpb_3990	Opossum_UCSC.monDom5_ensvUnknown	CordosoMoreira_Fastq/Opossum_Heart_180dpb_3990.fastq.gz	NA	U
Opossum_Heart_180dpb_3996	Opossum_UCSC.monDom5_ensvUnknown	CordosoMoreira_Fastq/Opossum_Heart_180dpb_3996.fastq.gz	NA	U
Opossum_Cerebellum_4mpb_5975	Opossum_UCSC.monDom5_ensvUnknown	CordosoMoreira_Fastq/Opossum_Cerebellum_4mpb_5975.fastq.gz	NA	U
Opossum_Kidney_180dpb_3998	Opossum_UCSC.monDom5_ensvUnknown	CordosoMoreira_Fastq/Opossum_Kidney_180dpb_3998.fastq.gz	NA	U
Opossum_Liver_180dpb_3955	Opossum_UCSC.monDom5_ensvUnknown	CordosoMoreira_Fastq/Opossum_Liver_180dpb_3955.fastq.gz	NA	U
Opossum_Brain_2dpb_5178	Opossum_UCSC.monDom5_ensvUnknown	CordosoMoreira_Fastq/Opossum_Brain_2dpb_5178.fastq.gz	NA	U
Opossum_Brain_2dpb_5289	Opossum_UCSC.monDom5_ensvUnknown	CordosoMoreira_Fastq/Opossum_Brain_2dpb_5289.fastq.gz	NA	U
Opossum_Heart_2dpb_5210	Opossum_UCSC.monDom5_ensvUnknown	CordosoMoreira_Fastq/Opossum_Heart_2dpb_5210.fastq.gz	NA	U
Opossum_Heart_2dpb_5339	Opossum_UCSC.monDom5_ensvUnknown	CordosoMoreira_Fastq/Opossum_Heart_2dpb_5339.fastq.gz	NA	U
Opossum_Cerebellum_2dpb_5179	Opossum_UCSC.monDom5_ensvUnknown	CordosoMoreira_Fastq/Opossum_Cerebellum_2dpb_5179.fastq.gz	NA	U
Opossum_Liver_2dpb_5338	Opossum_UCSC.monDom5_ensvUnknown	CordosoMoreira_Fastq/Opossum_Liver_2dpb_5338.fastq.gz	NA	U
Opossum_Liver_2dpb_5340	Opossum_UCSC.monDom5_ensvUnknown	CordosoMoreira_Fastq/Opossum_Liver_2dpb_5340.fastq.gz	NA	U
Opossum_Brain_21dpb_4692	Opossum_UCSC.monDom5_ensvUnknown	CordosoMoreira_Fastq/Opossum_Brain_21dpb_4692.fastq.gz	NA	U
Opossum_Brain_21dpb_4696	Opossum_UCSC.monDom5_ensvUnknown	CordosoMoreira_Fastq/Opossum_Brain_21dpb_4696.fastq.gz	NA	U
Opossum_Heart_21dpb_4760	Opossum_UCSC.monDom5_ensvUnknown	CordosoMoreira_Fastq/Opossum_Heart_21dpb_4760.fastq.gz	NA	U
Opossum_Kidney_21dpb_4680	Opossum_UCSC.monDom5_ensvUnknown	CordosoMoreira_Fastq/Opossum_Kidney_21dpb_4680.fastq.gz	NA	U
Opossum_Kidney_21dpb_4764	Opossum_UCSC.monDom5_ensvUnknown	CordosoMoreira_Fastq/Opossum_Kidney_21dpb_4764.fastq.gz	NA	U
Opossum_Liver_21dpb_4759	Opossum_UCSC.monDom5_ensvUnknown	CordosoMoreira_Fastq/Opossum_Liver_21dpb_4759.fastq.gz	NA	U
Opossum_Brain_28dpb_4686	Opossum_UCSC.monDom5_ensvUnknown	CordosoMoreira_Fastq/Opossum_Brain_28dpb_4686.fastq.gz	NA	U
Opossum_Cerebellum_28dpb_4685	Opossum_UCSC.monDom5_ensvUnknown	CordosoMoreira_Fastq/Opossum_Cerebellum_28dpb_4685.fastq.gz	NA	U
Opossum_Kidney_28dpb_5879	Opossum_UCSC.monDom5_ensvUnknown	CordosoMoreira_Fastq/Opossum_Kidney_28dpb_5879.fastq.gz	NA	U
Opossum_Liver_28dpb_4664	Opossum_UCSC.monDom5_ensvUnknown	CordosoMoreira_Fastq/Opossum_Liver_28dpb_4664.fastq.gz	NA	U
Opossum_Testis_28dpb_4677	Opossum_UCSC.monDom5_ensvUnknown	CordosoMoreira_Fastq/Opossum_Testis_28dpb_4677.fastq.gz	NA	U
Opossum_Testis_28dpb_4678	Opossum_UCSC.monDom5_ensvUnknown	CordosoMoreira_Fastq/Opossum_Testis_28dpb_4678.fastq.gz	NA	U
Opossum_Brain_4dpb_5173	Opossum_UCSC.monDom5_ensvUnknown	CordosoMoreira_Fastq/Opossum_Brain_4dpb_5173.fastq.gz	NA	U
Opossum_Heart_4dpb_5200	Opossum_UCSC.monDom5_ensvUnknown	CordosoMoreira_Fastq/Opossum_Heart_4dpb_5200.fastq.gz	NA	U
Opossum_Cerebellum_4dpb_4544	Opossum_UCSC.monDom5_ensvUnknown	CordosoMoreira_Fastq/Opossum_Cerebellum_4dpb_4544.fastq.gz	NA	U
Opossum_Cerebellum_4dpb_5177	Opossum_UCSC.monDom5_ensvUnknown	CordosoMoreira_Fastq/Opossum_Cerebellum_4dpb_5177.fastq.gz	NA	U
Opossum_Liver_4dpb_5133	Opossum_UCSC.monDom5_ensvUnknown	CordosoMoreira_Fastq/Opossum_Liver_4dpb_5133.fastq.gz	NA	U
Opossum_Liver_4dpb_5199	Opossum_UCSC.monDom5_ensvUnknown	CordosoMoreira_Fastq/Opossum_Liver_4dpb_5199.fastq.gz	NA	U
Opossum_Heart_42dpb_5882	Opossum_UCSC.monDom5_ensvUnknown	CordosoMoreira_Fastq/Opossum_Heart_42dpb_5882.fastq.gz	NA	U
Opossum_Cerebellum_42dpb_5886	Opossum_UCSC.monDom5_ensvUnknown	CordosoMoreira_Fastq/Opossum_Cerebellum_42dpb_5886.fastq.gz	NA	U
Opossum_Cerebellum_42dpb_5888	Opossum_UCSC.monDom5_ensvUnknown	CordosoMoreira_Fastq/Opossum_Cerebellum_42dpb_5888.fastq.gz	NA	U
Opossum_Ovary_42dpb_5881	Opossum_UCSC.monDom5_ensvUnknown	CordosoMoreira_Fastq/Opossum_Ovary_42dpb_5881.fastq.gz	NA	U
Opossum_Brain_6dpb_5167	Opossum_UCSC.monDom5_ensvUnknown	CordosoMoreira_Fastq/Opossum_Brain_6dpb_5167.fastq.gz	NA	U
Opossum_Brain_6dpb_5169	Opossum_UCSC.monDom5_ensvUnknown	CordosoMoreira_Fastq/Opossum_Brain_6dpb_5169.fastq.gz	NA	U
Opossum_Brain_6dpb_5285	Opossum_UCSC.monDom5_ensvUnknown	CordosoMoreira_Fastq/Opossum_Brain_6dpb_5285.fastq.gz	NA	U
Opossum_Heart_6dpb_5137	Opossum_UCSC.monDom5_ensvUnknown	CordosoMoreira_Fastq/Opossum_Heart_6dpb_5137.fastq.gz	NA	U
Opossum_Liver_6dpb_5209	Opossum_UCSC.monDom5_ensvUnknown	CordosoMoreira_Fastq/Opossum_Liver_6dpb_5209.fastq.gz	NA	U
Opossum_Ovary_6dpb_4951	Opossum_UCSC.monDom5_ensvUnknown	CordosoMoreira_Fastq/Opossum_Ovary_6dpb_4951.fastq.gz	NA	U
Opossum_Testis_6dpb_5328	Opossum_UCSC.monDom5_ensvUnknown	CordosoMoreira_Fastq/Opossum_Testis_6dpb_5328.fastq.gz	NA	U
Opossum_Heart_60dpb_4643	Opossum_UCSC.monDom5_ensvUnknown	CordosoMoreira_Fastq/Opossum_Heart_60dpb_4643.fastq.gz	NA	U
Opossum_Kidney_60dpb_4729	Opossum_UCSC.monDom5_ensvUnknown	CordosoMoreira_Fastq/Opossum_Kidney_60dpb_4729.fastq.gz	NA	U
Opossum_Liver_60dpb_5875	Opossum_UCSC.monDom5_ensvUnknown	CordosoMoreira_Fastq/Opossum_Liver_60dpb_5875.fastq.gz	NA	U
Opossum_Ovary_60dpb_4658	Opossum_UCSC.monDom5_ensvUnknown	CordosoMoreira_Fastq/Opossum_Ovary_60dpb_4658.fastq.gz	NA	U
Opossum_Testis_60dpb_4661	Opossum_UCSC.monDom5_ensvUnknown	CordosoMoreira_Fastq/Opossum_Testis_60dpb_4661.fastq.gz	NA	U
Opossum_Brain_90dpb_4607	Opossum_UCSC.monDom5_ensvUnknown	CordosoMoreira_Fastq/Opossum_Brain_90dpb_4607.fastq.gz	NA	U
Opossum_Cerebellum_90dpb_5865	Opossum_UCSC.monDom5_ensvUnknown	CordosoMoreira_Fastq/Opossum_Cerebellum_90dpb_5865.fastq.gz	NA	U
Opossum_Liver_90dpb_4610	Opossum_UCSC.monDom5_ensvUnknown	CordosoMoreira_Fastq/Opossum_Liver_90dpb_4610.fastq.gz	NA	U
Opossum_Ovary_90dpb_4606	Opossum_UCSC.monDom5_ensvUnknown	CordosoMoreira_Fastq/Opossum_Ovary_90dpb_4606.fastq.gz	NA	U
SRR12775959_nvRNAF-mus-1	StarletSeaAnemone_RefSeq_GCF_932526225.1	/project2/yangili1/yangili/evol/data/rnaseq/nvectensis/SRR12775959_nvRNAF-mus-1/SRR12775959_1.fastq.gz	NA	U
SRR12775960_nvRNAM-mf-1	StarletSeaAnemone_RefSeq_GCF_932526225.1	/project2/yangili1/yangili/evol/data/rnaseq/nvectensis/SRR12775960_nvRNAM-mf-1/SRR12775960_1.fastq.gz	NA	U
SRR12775961_nvRNAM-mf-2	StarletSeaAnemone_RefSeq_GCF_932526225.1	/project2/yangili1/yangili/evol/data/rnaseq/nvectensis/SRR12775961_nvRNAM-mf-2/SRR12775961_1.fastq.gz	NA	U
SRR12775962_nvRNAM-mus-3	StarletSeaAnemone_RefSeq_GCF_932526225.1	/project2/yangili1/yangili/evol/data/rnaseq/nvectensis/SRR12775962_nvRNAM-mus-3/SRR12775962_1.fastq.gz	NA	U
SRR12775963_nvRNAM-g-3	StarletSeaAnemone_RefSeq_GCF_932526225.1	/project2/yangili1/yangili/evol/data/rnaseq/nvectensis/SRR12775963_nvRNAM-g-3/SRR12775963_1.fastq.gz	NA	U
SRR12775964_nvRNAM-g-2	StarletSeaAnemone_RefSeq_GCF_932526225.1	/project2/yangili1/yangili/evol/data/rnaseq/nvectensis/SRR12775964_nvRNAM-g-2/SRR12775964_1.fastq.gz	NA	U
SRR12775965_nvRNAM-mus-1	StarletSeaAnemone_RefSeq_GCF_932526225.1	/project2/yangili1/yangili/evol/data/rnaseq/nvectensis/SRR12775965_nvRNAM-mus-1/SRR12775965_1.fastq.gz	NA	U
SRR12775966_nvRNAF-mus-2	StarletSeaAnemone_RefSeq_GCF_932526225.1	/project2/yangili1/yangili/evol/data/rnaseq/nvectensis/SRR12775966_nvRNAF-mus-2/SRR12775966_1.fastq.gz	NA	U
SRR12775967_nvRNAM-mus-2	StarletSeaAnemone_RefSeq_GCF_932526225.1	/project2/yangili1/yangili/evol/data/rnaseq/nvectensis/SRR12775967_nvRNAM-mus-2/SRR12775967_1.fastq.gz	NA	U
SRR12775968_nvRNAF-g-1	StarletSeaAnemone_RefSeq_GCF_932526225.1	/project2/yangili1/yangili/evol/data/rnaseq/nvectensis/SRR12775968_nvRNAF-g-1/SRR12775968_1.fastq.gz	NA	U
SRR12775970_nvRNAM-mf-3	StarletSeaAnemone_RefSeq_GCF_932526225.1	/project2/yangili1/yangili/evol/data/rnaseq/nvectensis/SRR12775970_nvRNAM-mf-3/SRR12775970_1.fastq.gz	NA	U
SRR12775971_nvRNAF-mf-2	StarletSeaAnemone_RefSeq_GCF_932526225.1	/project2/yangili1/yangili/evol/data/rnaseq/nvectensis/SRR12775971_nvRNAF-mf-2/SRR12775971_1.fastq.gz	NA	U
SRR12775972_nvRNAF-mus-3	StarletSeaAnemone_RefSeq_GCF_932526225.1	/project2/yangili1/yangili/evol/data/rnaseq/nvectensis/SRR12775972_nvRNAF-mus-3/SRR12775972_1.fastq.gz	NA	U
SRR12775973_nvRNAF-mf-1	StarletSeaAnemone_RefSeq_GCF_932526225.1	/project2/yangili1/yangili/evol/data/rnaseq/nvectensis/SRR12775973_nvRNAF-mf-1/SRR12775973_1.fastq.gz	NA	U
SRR12775974_nvRNAF-g-3	StarletSeaAnemone_RefSeq_GCF_932526225.1	/project2/yangili1/yangili/evol/data/rnaseq/nvectensis/SRR12775974_nvRNAF-g-3/SRR12775974_1.fastq.gz	NA	U
SRR12775975_nvRNAF-mf-3	StarletSeaAnemone_RefSeq_GCF_932526225.1	/project2/yangili1/yangili/evol/data/rnaseq/nvectensis/SRR12775975_nvRNAF-mf-3/SRR12775975_1.fastq.gz	NA	U
SRR12775976_nvRNAF-g-2	StarletSeaAnemone_RefSeq_GCF_932526225.1	/project2/yangili1/yangili/evol/data/rnaseq/nvectensis/SRR12775976_nvRNAF-g-2/SRR12775976_1.fastq.gz	NA	U
SRR12775978_nvRNAM-g-1	StarletSeaAnemone_RefSeq_GCF_932526225.1	/project2/yangili1/yangili/evol/data/rnaseq/nvectensis/SRR12775978_nvRNAM-g-1/SRR12775978_1.fastq.gz	NA	U
SRR12775979_nvRNAPOST-GASTRULA-2	StarletSeaAnemone_RefSeq_GCF_932526225.1	/project2/yangili1/yangili/evol/data/rnaseq/nvectensis/SRR12775979_nvRNAPOST-GASTRULA-2/SRR12775979_1.fastq.gz	/project2/yangili1/yangili/evol/data/rnaseq/nvectensis/SRR12775979_nvRNAPOST-GASTRULA-2/SRR12775979_2.fastq.gz	U
SRR12775980_nvRNAEGG-1	StarletSeaAnemone_RefSeq_GCF_932526225.1	/project2/yangili1/yangili/evol/data/rnaseq/nvectensis/SRR12775980_nvRNAEGG-1/SRR12775980_1.fastq.gz	/project2/yangili1/yangili/evol/data/rnaseq/nvectensis/SRR12775980_nvRNAEGG-1/SRR12775980_2.fastq.gz	U
SRR12775981_nvRNABLASTULA-2	StarletSeaAnemone_RefSeq_GCF_932526225.1	/project2/yangili1/yangili/evol/data/rnaseq/nvectensis/SRR12775981_nvRNABLASTULA-2/SRR12775981_1.fastq.gz	/project2/yangili1/yangili/evol/data/rnaseq/nvectensis/SRR12775981_nvRNABLASTULA-2/SRR12775981_2.fastq.gz	U
SRR12775982_nvRNABLASTULA-1	StarletSeaAnemone_RefSeq_GCF_932526225.1	/project2/yangili1/yangili/evol/data/rnaseq/nvectensis/SRR12775982_nvRNABLASTULA-1/SRR12775982_1.fastq.gz	/project2/yangili1/yangili/evol/data/rnaseq/nvectensis/SRR12775982_nvRNABLASTULA-1/SRR12775982_2.fastq.gz	U
SRR12775983_nvRNAEGG-2	StarletSeaAnemone_RefSeq_GCF_932526225.1	/project2/yangili1/yangili/evol/data/rnaseq/nvectensis/SRR12775983_nvRNAEGG-2/SRR12775983_1.fastq.gz	/project2/yangili1/yangili/evol/data/rnaseq/nvectensis/SRR12775983_nvRNAEGG-2/SRR12775983_2.fastq.gz	U
SRR12775984_nvRNAPOST-GASTRULA-1	StarletSeaAnemone_RefSeq_GCF_932526225.1	/project2/yangili1/yangili/evol/data/rnaseq/nvectensis/SRR12775984_nvRNAPOST-GASTRULA-1/SRR12775984_1.fastq.gz	/project2/yangili1/yangili/evol/data/rnaseq/nvectensis/SRR12775984_nvRNAPOST-GASTRULA-1/SRR12775984_2.fastq.gz	U
SRR12775986_nvRNAPLANULA-1	StarletSeaAnemone_RefSeq_GCF_932526225.1	/project2/yangili1/yangili/evol/data/rnaseq/nvectensis/SRR12775986_nvRNAPLANULA-1/SRR12775986_1.fastq.gz	/project2/yangili1/yangili/evol/data/rnaseq/nvectensis/SRR12775986_nvRNAPLANULA-1/SRR12775986_2.fastq.gz	U
SRR29012920_Thecate	SalpingoecaRosetta_ensemblv_59	/project2/yangili1/yangili/evol/data/rnaseq/rsosetta/SRR29012920_Thecate/SRR29012920_1.fastq.gz	/project2/yangili1/yangili/evol/data/rnaseq/rsosetta/SRR29012920_Thecate/SRR29012920_2.fastq.gz	U
SRR29012921_Thecate	SalpingoecaRosetta_ensemblv_59	/project2/yangili1/yangili/evol/data/rnaseq/rsosetta/SRR29012921_Thecate/SRR29012921_1.fastq.gz	/project2/yangili1/yangili/evol/data/rnaseq/rsosetta/SRR29012921_Thecate/SRR29012921_2.fastq.gz	U
SRR29012922_Thecate	SalpingoecaRosetta_ensemblv_59	/project2/yangili1/yangili/evol/data/rnaseq/rsosetta/SRR29012922_Thecate/SRR29012922_1.fastq.gz	/project2/yangili1/yangili/evol/data/rnaseq/rsosetta/SRR29012922_Thecate/SRR29012922_2.fastq.gz	U
SRR29012923_Fast.Swimmer	SalpingoecaRosetta_ensemblv_59	/project2/yangili1/yangili/evol/data/rnaseq/rsosetta/SRR29012923_Fast.Swimmer/SRR29012923_1.fastq.gz	/project2/yangili1/yangili/evol/data/rnaseq/rsosetta/SRR29012923_Fast.Swimmer/SRR29012923_2.fastq.gz	U
SRR29012924_Fast.Swimmer	SalpingoecaRosetta_ensemblv_59	/project2/yangili1/yangili/evol/data/rnaseq/rsosetta/SRR29012924_Fast.Swimmer/SRR29012924_1.fastq.gz	/project2/yangili1/yangili/evol/data/rnaseq/rsosetta/SRR29012924_Fast.Swimmer/SRR29012924_2.fastq.gz	U
SRR29012925_Fast.Swimmer	SalpingoecaRosetta_ensemblv_59	/project2/yangili1/yangili/evol/data/rnaseq/rsosetta/SRR29012925_Fast.Swimmer/SRR29012925_1.fastq.gz	/project2/yangili1/yangili/evol/data/rnaseq/rsosetta/SRR29012925_Fast.Swimmer/SRR29012925_2.fastq.gz	U
SRR29012926_Rosette	SalpingoecaRosetta_ensemblv_59	/project2/yangili1/yangili/evol/data/rnaseq/rsosetta/SRR29012926_Rosette/SRR29012926_1.fastq.gz	/project2/yangili1/yangili/evol/data/rnaseq/rsosetta/SRR29012926_Rosette/SRR29012926_2.fastq.gz	U
SRR29012927_Rosette	SalpingoecaRosetta_ensemblv_59	/project2/yangili1/yangili/evol/data/rnaseq/rsosetta/SRR29012927_Rosette/SRR29012927_1.fastq.gz	/project2/yangili1/yangili/evol/data/rnaseq/rsosetta/SRR29012927_Rosette/SRR29012927_2.fastq.gz	U
SRR29012928_Rosette	SalpingoecaRosetta_ensemblv_59	/project2/yangili1/yangili/evol/data/rnaseq/rsosetta/SRR29012928_Rosette/SRR29012928_1.fastq.gz	/project2/yangili1/yangili/evol/data/rnaseq/rsosetta/SRR29012928_Rosette/SRR29012928_2.fastq.gz	U
SRR29012929_Slow.Swimmer	SalpingoecaRosetta_ensemblv_59	/project2/yangili1/yangili/evol/data/rnaseq/rsosetta/SRR29012929_Slow.Swimmer/SRR29012929_1.fastq.gz	/project2/yangili1/yangili/evol/data/rnaseq/rsosetta/SRR29012929_Slow.Swimmer/SRR29012929_2.fastq.gz	U
SRR29012930_Slow.Swimmer	SalpingoecaRosetta_ensemblv_59	/project2/yangili1/yangili/evol/data/rnaseq/rsosetta/SRR29012930_Slow.Swimmer/SRR29012930_1.fastq.gz	/project2/yangili1/yangili/evol/data/rnaseq/rsosetta/SRR29012930_Slow.Swimmer/SRR29012930_2.fastq.gz	U
SRR29012931_Slow.Swimmer	SalpingoecaRosetta_ensemblv_59	/project2/yangili1/yangili/evol/data/rnaseq/rsosetta/SRR29012931_Slow.Swimmer/SRR29012931_1.fastq.gz	/project2/yangili1/yangili/evol/data/rnaseq/rsosetta/SRR29012931_Slow.Swimmer/SRR29012931_2.fastq.gz	U
